cmt2id,res,res2id,count
5791,"['85edd63b704c875cdceb372aa771c15c35e2696f', 'ce2251b017caa9a227b9c9a5edfcb251628f0e95', '4700273660d38f7d3c13975a7f2af4344ec7c288', '8cfa849588659e9dfcaa4f2f2ab66472bdbd5515', '0aa8980d4001336f5b85f2cfbd10f99cb4ca27c9', 'bb15151bcabdec4ee97f919be1cdffc24649c1e8', '63af35eb5144267f438215fcaca156b59d284c79']","[5789, 5790, 5791, 5792, 5793, 5794, 5795]",7
5230,"['a512148eca50451bb34a59cd47b0a8b2bbbaffdc', '52be687e2f7ab1b5957c93aafa812c56e085c588', '864b4e5a19c0c8d4761e7c6fbc34bc746d5b2e0c', 'f8ab3887ccdccd3de26c0073af050b259e9f66a1', '0418e0f148ce86f3a006c4032b4c63622a625c55', '11cc49bc407ac7c567adb4568bfcd4aa4b696af3', '4189b3671da16e2ee9cc6051462c76474321bce8', '99acad68a12c5ad8bdd75c073a1203c183d75da6', 'c9c4c31e092df039199de196410784ccc90dded6', '0dc7711736071fdc8835964fb9f5c4e9151e2f32', 'a1dfaa7c6e3cca8a96e7c74ee58048c993e4fa22', '8af03c149c2316c390cdfd5302932ec5b0de07e0']","[5224, 5225, 5226, 5228, 5229, 5230, 5231, 5232, 5233, 5234, 5237, 5241]",12
5081,"['60431adfbe83c493383e8f441882e521edec754b', 'b353cadea4b536c69134b521381efca161dadf26', '603d70a707f853d6ae641d648ed1926026794c6d', '0c5a3dc480311dff2d39e809f846200bf62be2a2', '71624acd45577fb09d15babbff801b04e427b604', '9134adad6d3525b94957617b69d992f8993f9fdb', 'f395c2dfcb0804db87c22809f5a219d3b143629a', 'd9091561a1bf91589faf71c7ec012e13437341cf', 'f2bf1fe15f6ca37bd16b9cf7e2cf7caa614149a2', '451f0f4589960ae291b191f48242ae899f5e53ef', 'a165a519a36a7bae8969664a477f877591e646da', 'c9e80fa92b37f57b777371015c07f0a348afb828', '5c49bc2ef1197985619dd32c8451f067e96d60e1', 'fc3b3a8a21c6390c626c32e3620cd61a23570e54']","[5070, 5071, 5072, 5073, 5077, 5078, 5079, 5080, 5081, 5082, 5083, 5084, 5085, 5086]",14
4834,"['81b334ce53a512dcf400bbc78f314101d306a45b', 'e8ac3adbcf8c796d12f3974b4b9b429db7ecde22', 'f69c1b853f14b92c8669c747cf5b8f6d59eb37cc', 'a1eedfdeea46f2a8da0ed23f06e7e1d39050499b', 'dbeb8288fd678c1f6be0667f68bc084f467c366d', 'f66872d5e4ba6e9592db7186d5f86bd8cf837647', 'f72972102265ba12708f1e50d646091993b345b5', 'e2e90574eb1c9d31b17c0e2f24ef777f85a948d6', '06d5b7262f81a1dabd3f566fba24b4b15710aadc', '0076883028daff6a4460d00ac20360a107fb2bee', 'd132efa93d5651b61e7e2ab6276b5cc4bccaa13d']","[4831, 4832, 4833, 4834, 4835, 4836, 4837, 4838, 4839, 4844, 4847]",11
4657,"['121d489ae454be371ef12c5b47b31ad0272b86b7', '7b9558e4df5db3a2e0a43bc24ddb6cc05e6e80ec', 'a18e2c0188919e9d2fa77e9287f9a03196053b61', '1fae2f1943eeb35b46d7cd3081686e013dd86d07', '3b1b08a12b755b586394c1f3e94d3b34cf38d9b3', 'cff60fe6ec52a872ac49773c1d30255ef4eb23bc', '46b9b0e295b4d5400bbdbff70649a9ee70318aed', '7d5f1158363cf9e2201e15702a2fe5e23138531e', '9580cf245b8073800010e15673415f2aba407e7f', '847f54a530f85af079e39c89925a9f875655bc80', '52185aba802ec90e192bc559683f82e17e188a51', 'b23eccb786853552a55f3bfada11a29d22e86fe1', '35bc204f8769cefc6a33828ca32d6cf59f1d5e15', 'b515f6fd77532bf20f5d53ebb3323d05b787a3e5']","[4645, 4646, 4647, 4649, 4654, 4655, 4656, 4657, 4658, 4659, 4660, 4661, 4663, 4671]",14
4616,"['dda513bd7251b4f32b7b60b1c13740e3b5a43024', 'c8d1c71b072acde6af9aad7fb605ae5a1fd2699c', '63548e0b5e97cea465d7de436e2e7d88be0b2d21', '20634509d235368da480d00de37d3c2dfc04f74d', 'a977aadc9c20f6f5be111b7feca7809acd195d25', '9874f236011dbbbd716aa4780b34a82d32bdfdd2', '8413ab82490122ffd43b529cc92ddb1e6e655e39', 'e82eed4e640749b5c7cc658bfd4e291f5bf60b55', 'a55c4a9d4164794b0afec54a14d938c02ea6510f', '0604ce8d7c31dd70cca1d0e2646388091ef49092', 'e0cd19bc52dc4763f2059944b409c998c0e60af5', '535b1dca6d4a855626d65f8270717b1b68043b10', '80596b1601b45e40eedcaa7311ea07efacf8b9dd', '9e3c679ad2630292a46bd3704e70f9093a7a193b', '441b65c5bd9729ecda51a327417f2c6c9379f2d3']","[4611, 4613, 4614, 4615, 4616, 4617, 4618, 4619, 4623, 4624, 4625, 4626, 4627, 4628, 4629]",15
4466,"['c570b0ac9f83adefa710b4ed90c6da5ebe70cd13', 'e38a3a482114c8f17565641eceba906d371154fb', '9ee894c064ceeed8225fe41785f9c412f96594be', '16aac9d388960bd6db167f13fce3829c43ba8c54', 'b36c8ac5d8cfce192059fc7c278766e685bf8a6c', '3b5f1e5d375c76957324a80cdc53bdaa6acb96b4', '735d2ccd3aa3e534f8746bc59b966eb1886e6f2c', '3f942182890de88d99ad3eb18c2fca5540a029a0', '89a20255f98df78935b9aebeb5e080c02f8cbebc', '38f0b57d5f3c97ce669c815ddebfe4ee0b4ca20c', '53bdf77b778fd455308b646e1c158609752b91be', '30d0c07118c898862448aaf5c9ad050bbd18dfc8', '08dfdde2c9c2a17ee28fa007d5b60d4c47fce125', '396c4daed0cfe8d101b50a6f68320203151edd9f', '5f453187344922b21346100fe7f442922d0bd554', '0088a66cead424ad536464d992a8297d98a392f2', '68f0a960baff1a412faea3e7fb168dbe3c279ecc', 'b631af0dc6974db91f201c18958929b2b9b52e73', 'c50516de13bb747090413e40bcd213448d94ff2d', 'f3a6158795bb7f631176ae90c23d1b3dacf7f689', 'dd6d460348f89c7af7826633c57507bed2c2f6fa', 'ccbd8d1dfb622a1fe4fb3035bf2546832ab24425', '4a6627003d7a7bb4323d188b835add44c8bf34e4', '54c744c2c2007eb93dd756cc8581573c9bec97ac', '83c7c4347055c3a70a3115fa106aa69c9cb56456', '7f94bb3fd33d6220c532a32b7971184f38b1282a', 'db34ee03c4af2018296a5c0b0be452374d44572b']","[4462, 4463, 4464, 4465, 4466, 4467, 4468, 4469, 4470, 4471, 4472, 4473, 4474, 4475, 4476, 4477, 4478, 4479, 4481, 4482, 4483, 4484, 4485, 4486, 4487, 4488, 4489]",27
4347,"['f8c83ae9cc3cb87bc87131ee6bc45da2a8fd8867', 'afe24226bedd5efcca514ef06ef18c64b71c8c26', '5c95315ffbaf6f64bd3a2970a001ecce51c10032', '33ef4b0e6c4fef428c2c63896c79bfef7eff3ced', 'dd97c73da2970d393432d9e47059e510d4301433', 'a5b8f6372292ac01cf2d8916801800f438919231', '170a41441a694f163365b7ce4d02c98c00888b37']","[4345, 4346, 4347, 4348, 4349, 4350, 4351]",7
4314,"['ae75527a5e99a0b48919b857e7aeaa3ae172ac69', 'affd0c701e9f97bb7905f77b63ce99d2bce2d8f6', '8b1b40f3a8ab910a065d216e71cd40e7f0828415', 'fd14aab77e7f9757ada8a4b3a81bf9707b278661', 'cb24c3be017441e986d7bebb141625884bb70f2f']","[4312, 4313, 4314, 4315, 4316]",5
4244,"['8d2ccf305b32d22f9a0880242051855f3e96dccd', '43559bcc10d80226555d659081a53228949181d4', 'f90f8f4e34e48f1f281566a3e182f8faa9d859a3', 'd4f5fc1b1e53774b85188da1b4ebd5ed09ff6aa5', '5e5ba938f45d9863b6530b8b8df83ec05f1b32be', '9bd182938d9a01512417a49856a795d56b8a7aad', 'eb217dd0f87c5fb471e0668575644aa7eba9a3d3', 'dac9275b736167a77daed76d2acd64117bb2985f', '96150b70fe6448d264db7b82e90946e86db84227', '591cc05ec3227f8f6b7358b165e30ebd279fec40', '30878706bffa120081509a7136190d97a50af617', '85eb826d8cafd6a39e5ae6b9cd6b8df6be042c84', 'c4638e9101db231d08397f3fd21ef9b87cc9b6c9', '62e4132ca83eb55c8b4fe52035d78c3a3a1c9ad3', 'b40d5c4c5a4a197b51bf76d6dc24d94581485d7e', '6eee8f1665755d2fda42c59ce74cdafc29ca5554', 'fb3b85880619298295fbbbd988ff9387e39ccbe3', '29bdca23ea68a0bac24e52252ccc40c96f21dc98', '978798382ceb72229e5036aa1442943933d6d171', '4f16f67ebd22c7522fdbb8a7eb87e3026a807d61', 'bdb53782ed7cd61875b8082b895f63dbbb323b07']","[4240, 4242, 4243, 4244, 4245, 4247, 4252, 4253, 4254, 4255, 4256, 4257, 4258, 4259, 4260, 4264, 4265, 4266, 4267, 4270, 4271]",21
4124,"['23a610dd4b7ebb98bd45a2670a71513fe9e6ac14', '06b877968de36678e998ca35910de78eec74efe1', 'e969f0a31b781f5dfb74e16ddd5ee4b4fa36e8d8', '12fe12defebbe02acfcfc21f7c3e663b0c98b1a8']","[4122, 4123, 4124, 4125]",4
4062,"['7a4fce5e0b81b69c17f190906e8058ef1d3886fd', '7683f49e4b0d0653ae04b7dfdd4fb76279b4e92c', '3fa2d1f3fb091ea7f06e57e4d23d34e3931c0e3b', '98024b0c5d51f5a8c6ea3e2a34ad7adc5a2e943a', '620d5c11dcaed43dea607743e69db8280e503b15', '52f04c1f0a0df52bac8250e4aee29e5ea28e10b3', '822ca4a7db3c3653cea1d0b493e4dfc53d56e15a', '986bc74e8d9fde2f35e85b3ba85292f584885b3d']","[4051, 4052, 4057, 4058, 4060, 4061, 4062, 4063]",8
3942,"['534abb14054fc429239e4427a5af5c1f50b6a87b', '0318baf1e12f6be08062cdd3c8c06b3c6aaab9e5', '1a8bbc025e0124640b61f569e62613f96903c43f', '7541ac546f49d61182d0262df7ca617ef3063bf1', 'e727083be17cd747eb331e89bec44f29176d521d', 'd9b0cae5b675550519c7cd51119d4792c5734254', '2631f470f7918d561186102549e1522c29b81c2c', '2f9d731de2f6fb9fc1ad9ac3c09b7942e693df42', '680d75b011edd67a2d2a2e9980998a968194c2ef', 'c542a382f35050802e728f721925a937064338db', '5a902abe34737dcd71e9676c5646a8eb26f46221', 'b8b25e51327101cdb0d5b333cd7740a9684fea2e', 'c9ab9b3ac1881cacbdbb1a32a1de0e58fc3f6e06', '8c20a7670f71958c9af6c8daffab227d2d7ba87a', '974ccddfd718a06f889da2dcd58ebb6bc22c8dca', '029413a6e381bb04b7b0a420730d3119e9cc0961', '9bb4f3b63f07f5772737940baf23fb88247a937f']","[3939, 3940, 3941, 3942, 3943, 3944, 3945, 3946, 3949, 3950, 3951, 3952, 3953, 3955, 3956, 3957, 3960]",17
3808,"['bd645b11c90efd187cf9119ad00492e5c6843c92', 'ef6b86bd02245a5740b9472264653ee85b3bb868', '418ee6e0a91401365982794cc9b18a55b26655e5', 'dedb6bce63d00a5792728a297e0ff564fd2e6feb', 'ab494a13a5132784a2b7e398f46a8a7bda2eaa20', 'b1087a6ee2b204b22550f69cd9fb7732c8ce6390', '1b7f096bead41156a70767d7c13281caaf3d0ca8']","[3806, 3807, 3808, 3809, 3810, 3812, 3814]",7
3759,"['277031a3f9a725d4796e4294693fe1156a988369', 'd90fe4c654d1c1d54e24b15deae3ad0443b0f8f6', '4a9b7ef176cf9fe2ba910b8f4ad870559c260feb', '403e93891321d87977145d9638fedb1122875678', 'cd6ebaf7349107b9497d022226965e8c94adfa4c']","[3758, 3759, 3760, 3761, 3762]",5
5128,"['914e7c9f2cb8ce66724bf26a72adc7e958992497', '865dc7d32c6afc17dac3cccb4d8028f9791d86b4', '0659c099e6136777c18d9083f844d3e56114ff73', 'a626bafd61e92186bf2693e34f15b0c093b1f215', '9b73cf416e46d7349f1cf1ed1d1c8492a8a40512', 'ba9ac61920a4391568f4959e399a25833eae9cf6', '7448df1f2622f5fc7a2beaf2b206264086810d47', 'ebdafcdca399119cf50619ed0c6e2f93fe8558d7', '880ca8ed854b9970b9b61881052bfb9aba0bd0a4', '381787afd864cb8b56639f91b214b8c92cb0bfc0', '0cee8b1ddbddb6acd004750c382bcbf523d79ad4', '6f2e36e8d04f71985b21a62667876f57414b481a', '01628a75401eb6660a768aa10b2568945bef752b', 'e75f079772d69ad48a248c83bf50b0086eaeb7aa', 'af21e312bb5586aaf6a2b61ca6b809895bf08e27', 'f87c8a7f577b5c1c1a0716066ddbd6068c66d049', '7ae240eb824abf87c8460e61c7804254534a9602', 'f4d2408484fe96c3ce49a3f0442e48ce6d0de88c', '37e50bd4a8be4c08d955d398844110391db897ef', '2149c30afa67777b370f9b1524d8474855ad29ba', 'cb922358a72b13867291a972c14bc8c5530140cf', 'decc0cfdbe00fd63a9ca79037478a86743c5c745', '2dfc5bfb4c0f64ad3bec80f348eae8215bc6fcfe', 'e5d22e2a49d00b76564b0b48eae45898546da0de', '800eaf21cb178f4bddb8d125fe9473d95d5592a9', 'd354028fd658b95448f5f15e2e263515878be14a', '9b1400a13073d78f86762a5d7856fa0bd3e8af95', '2d53865142a689cca7eb187776a71ad7f71c6660', '05235ac1be5367c73914d91ddc3e9321c801344d', '771f6c6b939b78923a3df95c39b5593f8ba2ad09', '83d1835728959236ccfe17450035f84c44da184d']","[5123, 5124, 5125, 5126, 5127, 5128, 5129, 5130, 5131, 5132, 5133, 5134, 5135, 5136, 5137, 5138, 5139, 5140, 5141, 5142, 5143, 5144, 5145, 5147, 5146, 5148, 5149, 5150, 5151, 5152, 5153]",31
4498,"['72cd4025a229fb28ec133235003dd4616f70afaa', 'c50516de13bb747090413e40bcd213448d94ff2d', 'f3a6158795bb7f631176ae90c23d1b3dacf7f689', 'dd6d460348f89c7af7826633c57507bed2c2f6fa', 'ccbd8d1dfb622a1fe4fb3035bf2546832ab24425', '4a6627003d7a7bb4323d188b835add44c8bf34e4', '54c744c2c2007eb93dd756cc8581573c9bec97ac', '83c7c4347055c3a70a3115fa106aa69c9cb56456', '7f94bb3fd33d6220c532a32b7971184f38b1282a', 'db34ee03c4af2018296a5c0b0be452374d44572b', '3f45bb9becbacb134cf0177c92e31886ecb7ccec', '84e1f15659657501318cbd46e0e5d8e68638e2f7', 'b3402c3c9c364f10f230d0f4096472dd59e52397', '0a72dfa729f77f16d0fb82c535b1b83185a48dc5', '71c8143d4b1e2696b27d10cc969b22248e1ab6b6', '5b96e0626d30782ee53133561024bf57f0a4c472', 'e2b09e630644192efc45f06d9ce26bdff671a85b', 'c8c80a2d3b4b34816ced8aed2abea76859e05239', 'dccb9bcb3d175a1997921f75fd3ef8fce8989014', '7dbaec070c08faabafd031ffae044c4650f98008', '69903aeb290415809bfaf6a2e18ec6cb2141fc5a', 'd7aabf9004a51778c78d89b02aac35465b125208', '56131306c1b23bbf68b175857ede7807bc5ff9aa', 'fff67212d569ddfb58a599486e733b0064892720', 'b360fd45fb59d762b7a27cbb487b41353eb5e534', '85f384a5e7a0f0262fd8c54ffd3f086a8bcd07e8', '8ec1e5ecfc07ad893bd4e8d151d9176795f4dc41', '644b5cef4715714206289644d8aea7a1d921333c', '394696761e7eb684ce830ae48ce8ec82eae36cbf', 'a9dabd0a3b0f19ee60f418271ff04f456791338b', '8893356784867af45cc45c50ffed18b81468d16e', '74b90a4a8f5fb0655779ece94b15dafa37716ef5', 'ce60c1e617ac4af993af34139e7abfd504805426', 'e42c66c7497d5e0bcbec1013c6e0f12d97eca726', 'ecdebf945b35f3ea5129402171514b67dde4b0a8', 'e8d07eadefc73486db74e8b760c3acc93acfa7a9', 'eb310d02a09ee5e1ac16c7bdda582381a11905e1', 'a23d03500d5f8894534f4953322bb8a9649909e5', '0ca6c284f159cea2939c04a774bf6b0a29c0dabe', '8d846ae264d580c9709c0838269eb3e238494ebd', 'ceed2dc7bc9865218d9bbfdf3f1ce591bee4d7ce', 'e4874f5091a7c149b6c9ff6d01ce2bb514708d90', '1f437f242f6fba6dbd32a1fa78383c55fcc8bdf3', '6ef86656aa504309ea3d89cf98ce45d11d6ea9c6', 'a615e65fa015fd3d67276c71c52008b95591a13a', '96ec23b2bb19b4d4b4530fee6ff08cd248d32a33', 'f3a1798076d9dc71883d317c8e97c4e033fcee98', '02031e6f36139fa0ed2681f829855e8dfb74f193', '94c56eba1c8b5f6156128f54cfdc938ddca70346', '9080182f0ed4e181aa03b8f3f25e1c3547244d21', '9659d43b283fea449b7b822e7e14837c7cdf1a89', 'aea65f1b5faa070d1a0dfbd8911b023a8d9fad17', 'f0abe41b54b36f43f96f05ab224f6e6f364fbe7a', '21220eef75551664319f62eeb556c87842dc5da3', '6532c755438df3d8c9a17cc06148f1ab70dc38d8', 'e797b2271ab9a00b99694a963728f3835f31d1cf', 'df8d6bede48ee8be4030249f29ccc47425fea195', '00b599121023fc923c661a81f8eaef46a8a6c9fd', '21314d477a53a9911b3985d6fcc355cd35512a71', 'e3f005bf09975a3de674b44338bc6ca40f8c1efb', 'e7b3baf3c8dda42d556be2bdd5774e24367e5fa8', '9aad873bd28e2e93fa79696a04ba674070610cf7', '6814284f30aa19524f34cbc24832d1b54811cd07', '38a61e069d82d0935a1245bf0005e6b4e55fbee9', 'b4dea3c54631dcb9dff6e4e457d91c85797764e3', 'a475c0d526ba9b8343e28ad9543a46005b0842b3', 'e287a62cd32832d5a9611d5b8f3bc06ec1310dc0', '729e1f31621e67c3dee31eb6006636298ccb9ef8', '034f83de54b385fae8292df57f6d8c82a5165c8e', '83e8f5e28a6d3ac0d2326bc9222fae53cd5ea135', 'b2d0ba06c2902508672f9800ae17dad023a116ac', '8a32f54468a10d5a806fb595f21c4b5794be1cc8', '2c8c3f66a554f1c3bb82a1bd62998ce0ec6186cb', '77bd2efab48413659bd4fd7df12e9e0a04b071ac', '0dc7f007168662d4531b8c0fe07a2326631ac6f2', '8c0d7771fc650edfdb0315c06d4c629f7e413e14', 'c040670383cd902a8645130f17f2179c8dfb2807', 'ffdffc55652d59833b9ca2718f8eaafdbac8add1', 'c18df0986889584ea5bd5bddc27511692138d313', '4d005051f9b2fb19ee25e1e2aa81b0587096bd01', '265c4bd568ee7f2944604c749d2e4224dd8bd790', 'd7a0ebc771b41852860218e874bc04384dd739eb', '3e6524801d689c6875b861897f31411a7c04c6ab', 'd994b2d53105a173d8afcd84100b55a1a5a7c38d', '83264a7e377bd3399f0b550460077959aaece16d', '041cacd6988cd791664b59e03a0684c0fcc093a0', '1e615652a172c9045df9d01cd682fabbf48699db', 'a99006d6c85310ce1ee1c6fb90f41b16cbe44d70', 'c139ce0c113874eabe74fe0927d41b6eb2ff8946', '78ce8a7222fe63ce6781c75fdf628fb860be4291', '26ce3dc0cc4d62f04a72d1fb2d53016ff0cf8097', '25e69ed3730b68014a768ede34657aed79393881', 'c0cd01a5266fd803fd7c3a61a6c24e87b069ae0f', '46669c7be67ae547ec27f0fa2167946214f3b2af', '269d511abd4cd8717165cf72675b49f561e2cfc6', '7da282d5a7b6792b794318a72185f72433d4ce31', '4d19b643b1a6a8c66e4fb3388d5e75283f0b314a', '3ebfcd126f7ecb843a868b1b186c59c52e03c805', '4b630c6e741782efdf560a0bd3b6b1d0de9da8c3', '1135b2c1d2ee1e0c5e38725d7a8f53921f5c7824', '4e5bdc22bb6612d449e3a851ff75f7ccdd3d0466', 'd11d9c602549cc0e7f3ab8c8038f3b7e799c9dae', '7c8769e77d183675683bea8b6d737b0f0d5fc0b6', 'af26bcc02c7837952580268dad62f160f69159b8', '1ab30b5c12ea94251fae283219a8e6c7f7ef31de', 'eb64f3cbaeadf674cb949902120542bac392115e', '21c110325cfb85254455a90d49925ed35cf4bf1a', '61ffa3aaa7dfefdbe1d36c263cef05ea81322a2b', '3ee96a18648fa41060077e3052a87c2415c72955', '175fa9b1c87ae710787cc1642445d15930bcea29', '5b5d112076d73654a1da296c3d2958d3f72df683', 'b58215979e1ac3a1954b648188b95cc9b6c555d0', '9228b5f3b274def63a3385b7a7112c17eefddf0d', 'c456a08a2adccad646040d5ad5c7d4558c28745e', '03dd8cd360fa44588820054886bb2526706a6416', '01ed12c853f234f3731095c6cc32265c0aa6d799', 'f9b29075865810524eeafad380f068cfaa5c885a', '9da1f1bd26758016f5ec40aae7479827e4514f21', '5045d8b274600389e65674fab0d0998f39b6993a', 'e2859a691e1c30d7454df7a6ddb140ceffc6c78c', 'f36222e5c0b318e2b739e2b77b93c5d2c919413f', 'c3078d036b03907f89fcbb5f440e18ccca1abc39', 'b99b5b87a569933d8a476cc0e0d09b4d6460a106', 'c985bfe71d4632227bd515f5ce9b04978506a04a', '8bb7c9abca9a2e298a2436cb995ba1721e49de5c', '1dde7a9353ce0dfab7ae9202d3a4a38c6f14de35', 'dc0e265c47be198c11f10a05a63c6d884f07fff4']","[4480, 4481, 4482, 4483, 4484, 4485, 4486, 4487, 4488, 4489, 4490, 4491, 4496, 4497, 4498, 4499, 4500, 4501, 4502, 4503, 4504, 4505, 4506, 4507, 4508, 4509, 4510, 4511, 4512, 4513, 4514, 4515, 4516, 4517, 4518, 4519, 4520, 4521, 4522, 4523, 4524, 4525, 4526, 4527, 4528, 4529, 4530, 4531, 4532, 4533, 4534, 4535, 4536, 4537, 4538, 4539, 4540, 4541, 4542, 4543, 4544, 4545, 4546, 4547, 4548, 4549, 4550, 4551, 4552, 4553, 4554, 4555, 4556, 4557, 4558, 4559, 4560, 4561, 4562, 4563, 4564, 4565, 4566, 4567, 4568, 4569, 4570, 4571, 4572, 4573, 4574, 4575, 4576, 4577, 4578, 4579, 4580, 4581, 4582, 4583, 4584, 4585, 4586, 4587, 4588, 4589, 4590, 4591, 4592, 4593, 4594, 4595, 4596, 4597, 4598, 4599, 4600, 4601, 4602, 4603, 4604, 4605, 4606, 4607, 4608, 4609, 4610]",127
4031,"['39785388b05ed0ac447860d96015fce359f1ada6', '15f8efed9b5048aae4a953a003685ba8ae525bd6', 'c45ed8c4cbf6c29317bf4cf562558884fa698eec', 'fdab819b472b7048b6542071391b2d7c038eaeb5', 'fe80e86551be38fccb1a983854925a78db6e845f']","[4025, 4030, 4031, 4032, 4035]",5
3735,"['64967c410514ec8a94bb11bb26d6a37fafafc14b', '23a30a77bc9b03d9feb480d189605c8a9983ccf1', 'df7e7949aaea6ed13c1d92b0720787acd99dec00', 'b30845f718d50e1fe74d8d040d2a2ef08118371d', 'ce37efcefbfab0fa91562a492f0f80af018a5313', '1971732db3da4f35c117c29a77facbdcaf8dff58', '310f35ce640e3dbe207321765495b4c8e3350bf5', '54fb5a3b1d823102610f225d0fca88e8f8176bc9', 'd55d4228623a34afeb64f9192c8476880625c325', '10d5ab37f06f7925bf959312bfb6211f5bc4a1cb', '5bd76050ed0f8cdcc7dc559c438159cdf8bac745', 'cb38b3dccdca030f63e42f6d403f03fe4abb0629', '15d4fe29ae897a301d562541355e56fb7f4130e4', '5285e4a71d69204c2ff92abaad082bee72bfe8df', 'e5e475f8185849d6333bc2919fd5760ee742a5f3', 'c96c0b74ca7d8987ff933fcff009abcd6aae3e80', '76381c528c9b75265e8b93bf6bb4532e4aa8e957', 'f66df3d0a5df14667fa80dc6a2b28f8b8dd8458d']","[3732, 3733, 3734, 3735, 3736, 3737, 3738, 3739, 3740, 3741, 3742, 3743, 3744, 3745, 3746, 3747, 3748, 3749]",18
3672,"['d7155de6c37db3301b92b755bd0a02388f7dd07f', 'af3bdbf0219c7405d0086830180c3ed6a2094ee4', '96716d324d343f464ef110d5357e0487919f27dc', 'f18a2607cdcde1ebd84c3f1baa3b111b92d0fbbb', '9dbe3d2dbe218d96a20681ef1d6c7ee78b065dcf', '2dae72f158c348379c4aa05303b414e7b517ea51', '3275341591488dba7dec66797799e1cba32250a8', '34954bb878696848a02b24426efe2a2ea8e070bf', '1850fab337f7ce25ad1a2742d6c80d2cb96758e4', '0f9a4a5f2a290ebf5556cc8d4e157dc37f198051', '9972618859e6e8ea532e3ff8dfc9cdc765ec435a', '703e2b4d2227645ecb8c62513469eb658b51fad2', '95f1df1378f2c84c9b6f821c9123d34ebc2418c9', 'c9c78f3c647fbb779d13337d0e348bd64d260919', '749edaaa0aeb772ffbb358d3290acca55003c1b7', '1bc5874cfe0389d7ae8a044540e7517fc2ffbbff', 'a4a6338750d4fbcfaa6f9b872157a6db5d1bdb33', 'd83a0dba3780f01bb92efa923f40d6acd5d92b80', 'dfd864f1757196b0afc1a6fc26dc096829cd2b22', 'f33142aabc82f97a1ba8c0c9093d447c8182ac45', '55f0f3e95e5e1e8220d69bf8048a50a9513d866c', 'a66b4e09541a79402f7d5773fab22d0de6bba709', 'cc478a2b587b91cf7563847540472e57a2c9a7b2', '581ba1f56830e6b00877e2af4f7f2fb0c3404e2e', '2bb770bcd4cbc0c0c3ede86cedd4a602e328e2f6', '4d34006e4d8a566c6c64a3a0e04c17e50d63bb82', 'ff441e82825ea48d28baee6ae7f0f705ff421def', 'f5ac3793fab146b851b39b8e5a4cce71c4431d05', 'e743a8caa1241bc3b4e96a6a606ee8634abff5e2', 'df7102c2edb8168cf7e5b924cd1c1bae1450e68c', '23d4d2720c9666419002b3142277d317d157a06f', '08c593c3e760c4805c5b4e21884ba61cc92d2d0c', 'acb20e6f672ef19e94bed778a9c81b8d2edc575a', '4600a1655604325aa691f0244926a9d299248c7f', '3cde225f759270cbf9cd0ffdf78f8c00bcf5a354', '2f8eded004cdcec4bf02dd30f14a6d8a851c5a7a', 'd31312c5549aa67ec21ac8fd1399d5bf14d4b4ab', '2e9df7d6fb534e86bfb1f0fc08bfae8559486658', 'ca3ef055fe15e3a77405980afc49170fadd34d73', '3fc3177ba561575bdd783c8733e4212b49ccf43d', '2339988b1d6efbe9c2993ee818870ec54ca0e949', '41e31e18d16642ab65c6e3fb61e3cf22032d9338', 'ea66599d997b74cb771ff23c72de7407e2a22555', '0ec28dd6c841435a7692ada12ac2195d5f57e8e1', '4033c8960e48c2d2bdaae2416dfc9016334b92b6', '42a108990e1732de503b0c04f5d908dee9c9977a', 'af2129c699a7e7431016844e4256eb3a10b8e53e', '10b6d519e82f18bbb4268221146dd3d031598286', '6636ea2c30a5ad6fcda9f31fed7692696c2ca02a', '0baca7612298dcf2332c83905fdf4fa541dc62ac', '2177e1cb23c260dfb9bc5ec102bf294609629296', '08f995516cad639360fbff5f621b8e18bbd7da7c', 'f8c0accff874510f03cda034912bca68748d4e5d', 'c59ad69474f33a8dbd80c4b548d0aa54b6a8b3e2', 'dc02ceac1c3d0939ddf8692f62be52da0e1a242b', '64967c410514ec8a94bb11bb26d6a37fafafc14b', '23a30a77bc9b03d9feb480d189605c8a9983ccf1', 'df7e7949aaea6ed13c1d92b0720787acd99dec00', 'b30845f718d50e1fe74d8d040d2a2ef08118371d', 'ce37efcefbfab0fa91562a492f0f80af018a5313', '1971732db3da4f35c117c29a77facbdcaf8dff58', '310f35ce640e3dbe207321765495b4c8e3350bf5', '54fb5a3b1d823102610f225d0fca88e8f8176bc9', 'd55d4228623a34afeb64f9192c8476880625c325', '10d5ab37f06f7925bf959312bfb6211f5bc4a1cb', '5bd76050ed0f8cdcc7dc559c438159cdf8bac745', 'cb38b3dccdca030f63e42f6d403f03fe4abb0629', '15d4fe29ae897a301d562541355e56fb7f4130e4', '5285e4a71d69204c2ff92abaad082bee72bfe8df', 'e5e475f8185849d6333bc2919fd5760ee742a5f3', 'c96c0b74ca7d8987ff933fcff009abcd6aae3e80', '76381c528c9b75265e8b93bf6bb4532e4aa8e957', 'f66df3d0a5df14667fa80dc6a2b28f8b8dd8458d']","[3668, 3669, 3670, 3671, 3672, 3673, 3674, 3675, 3676, 3677, 3678, 3679, 3680, 3681, 3683, 3684, 3686, 3687, 3689, 3690, 3692, 3693, 3695, 3696, 3697, 3698, 3699, 3700, 3701, 3702, 3703, 3704, 3705, 3706, 3707, 3708, 3709, 3710, 3711, 3712, 3713, 3714, 3715, 3716, 3717, 3718, 3720, 3724, 3725, 3726, 3727, 3728, 3729, 3730, 3731, 3732, 3733, 3734, 3735, 3736, 3737, 3738, 3739, 3740, 3741, 3742, 3743, 3744, 3745, 3746, 3747, 3748, 3749]",73
3446,"['051189494a7ff3a7be5e22fbe9b411b52619b950', '819b7b2f51e9fb54c843cafcf6f6abd36c6bafe0', 'a9ba94c80f6465286f7f7c1d173af6325d157ae3', 'e913b10a67910ee5084cba9c226816c728a1f376', '8ce13b9da419f61a409f7d57d6a15dcbaea9a71b', 'b08200b8d6798ed08293d5a520a1bc51fb63c273']","[3443, 3444, 3445, 3446, 3447, 3448]",6
3262,"['2d2f0c736179652ae399360b75f7b523acf46c80', 'f84f4615dd2f9d8bcbe9a1e7234e9942a65d7db7', '48a71abc300fec4c3d2a34cf408e1f0bac34ede4', '11b1323ebb7ccd52e7ac52d76ab8d7b76290d253', '3befdf94446ec2071661762dc81a2b9edda8a84a', '2adc98750d592122ccd8d5b263878695340fbd9e', '7ad860ad1c91a46e8f1fa3853a350067440ea612', '20748cc6e445bb16f192553a5b301515be1b4e2d', '1fb9804ad6d2d100b0baa4bbf9fe1f714c5d395d', '45565cd261d0e2809b0f8fe8eaa5ebdd483efa61', '68e8afda90a8e7642c219d6c1c00aefbd0db20b7', '111e86d18cf460fff06292c3eb2c140475dd9308', '30ef9824b9bdec3f1edb9b66f1b5f4367f31c9f1']","[3249, 3250, 3251, 3252, 3254, 3256, 3257, 3258, 3259, 3260, 3261, 3262, 3263]",13
3234,"['0d12389a2e12729d781238ed3f534b11edf1c119', '81929fad84189ce59ef82e7a6d0df795eb0c7cdb', 'a0714d7142e217558e39f3c732c3cc6433d57631']","[3233, 3234, 3235]",3
2912,"['493ba8d86c4daa323eabc055b223f50731468ecc', 'bb8a0b35d7b1e1e7b9b77c6525dca16429f3f1bb', 'b7a797f1201b355ea21df0ab94f0a0e86772902c', 'ec8db26e537c32ec6b1f5535c48116cd54ea6c70', '8a411b98532fb259ec483ac82bb8afb9edd63a7a', 'cf2c9ba773869da6eb981eed2b3687f61fad9cca']","[2909, 2910, 2911, 2912, 2913, 2914]",6
2888,"['4eba3999b90fff054bce48b7bb4655a359be2e52', '4069c66ca378cce5f78193057640d08029ffeba4', '5193a6aa9512a8c618d0340ff5cbdd4ced95b39c', '5fdb9329686478114f7140e69c91a74945d2a885', 'ae5695c0bacf486469559a86d879957afd28c48d', '0b449ffcebe4b932ffc3416cf8ef5b8e98328c46', 'ad53425b8173476fa7f6d87ef640e8138241cdbf', 'c5fba8a48c0db56a2bbf97060922fd3833b879ab']","[2887, 2888, 2889, 2890, 2891, 2892, 2893, 2894]",8
2836,"['729c0fecc5ba6ac7749c7ea84d4a33dcb5cfa4e4', 'ab088bdefe4e38c17073cb147012167304119d3b', '7be8815590d097f32eadaef017b6de2ebb2030b1', '297b206781130d638d2fea2b1f4eb213aef31699', 'ce9fad90af4a5fbbfcae3d4f08157c64396a9291', '8f4b623fd85c0d5215843e601262bf5503bb7ba5', '230a19d527df7dc0c05017429bcb7aa1cbbe41ef', 'ff4b9a2635cd6ecc5d6b32fa5a475eb18c854947', 'b8e25808c9ed1dd01af78491747d85ceab716a10', '1317d3ea225da851d45d9b6ad1c9f328169179f0', '5235ba800c8a517da7381c2508ce824587ec4067', 'df523d6d9d343b9863d6353db43ad40ff03dfa6c', '68755662e397a54207252a67013873b7768d3715', '31a84e226830782112d247deabc8a4e54b5889b7', '2440fc3a37391ab98627b239d6dee0d4e5c8ae50']","[2834, 2835, 2836, 2837, 2838, 2839, 2840, 2842, 2844, 2845, 2846, 2847, 2848, 2849, 2850]",15
2832,"['21ca92134c900809278c987cd02d0b2335f4fb1f', '6bf0d6cea00fa745850785b705615f20ac024280', '03f12150a971e9bc14ca0f2a4066443aa294eee5', 'de0cbe251aa1f0067f36975ba683d66ed7f949d5', 'cc82b65434186f4ef92a998af708f05d072f24c1', 'db9584c4144e90a3a38235744daec7eafbefdb50', '50c6a987ba82685cca48162fdf111275ecb79b50', '4a05d3e8112398ef412c6e39760d9321d76026e8', 'ce9dc07af83f77568a613fd45a86f58c93ba1a02', '97bbfa7827044224b86b6767e720dbd52f9d81e7']","[2818, 2823, 2824, 2825, 2826, 2827, 2830, 2831, 2832, 2833]",10
2734,"['5df1a6c3bd4f1594b945ea6fda70fe43e87e5e29', '167baee7248bd283eec57db5d6a6d59d6ce14ad1', '4a066c67a771934496bc7020fbb18b32307f829c', 'aaf057d8ce14f5b6a983f9711bf7837225463d9d', '5e924b21f6f55a918aed08927f8088ddd35ccfa5']","[2732, 2733, 2734, 2735, 2736]",5
2689,"['9305cbb61f00c16c1fa8398d6af42dbbaca22d9a', '8ee51ad3a84987359401719198d7c0bff597b1a3', '02450fc97b9d3c7ce1f5256181abbaaa463005a4', 'e5a24d8d87ebe632e639642f4afbd9a75dd8d943', 'd94af4dffcdaf2aa3e560f91bea62c9f94b07ea5', '6de5dc849202d964f6c797f33f625da8df9979cf', 'bf2b2b0c89dc2e16b057c04ab127bdacc981d67f', '044761394a7818d657aad707025609050a138d32']","[2684, 2688, 2689, 2690, 2691, 2692, 2693, 2695]",8
4098,"['04cb084c913e82414a7e92803cd037f0169450d6', '25a37d7be6b90d6d968479f2185949c5b501e7cd', 'e2d1bead6cfc09514307a3aa1da7149ba81d3d6d', 'e1426d96743a6dac423c78b2851af90ace3ac8eb', '61cc6a5f2bda18c245abe8fe43552d8fa17b4e8a']","[2546, 2547, 2548, 2549, 2550]",5
2716,"['04cb084c913e82414a7e92803cd037f0169450d6', '25a37d7be6b90d6d968479f2185949c5b501e7cd', 'e2d1bead6cfc09514307a3aa1da7149ba81d3d6d', 'e1426d96743a6dac423c78b2851af90ace3ac8eb', '61cc6a5f2bda18c245abe8fe43552d8fa17b4e8a']","[2546, 2547, 2548, 2549, 2550]",5
2583,"['04cb084c913e82414a7e92803cd037f0169450d6', '25a37d7be6b90d6d968479f2185949c5b501e7cd', 'e2d1bead6cfc09514307a3aa1da7149ba81d3d6d', 'e1426d96743a6dac423c78b2851af90ace3ac8eb', '61cc6a5f2bda18c245abe8fe43552d8fa17b4e8a']","[2546, 2547, 2548, 2549, 2550]",5
2418,"['9917c94d94a285ece80e6c9f3d2b9fba06d98fd7', '9e3387c521514adc32bf14e5306a38a91eb06928', '060726b011b008496cd8bb0997ee94a6b73530d1', 'bda5b010717b7549c630be84657d7991dea683f0', '28d3eb0aebe9daa1185b17ff58c20e0e334210b7', '203fccba95815c628d027e992062a2951ce3a999', 'be2bb29fe194eeeae9c904e8772217c82513ce16', 'eda66cc8173c8e359d68a07bbc8adbbef5f8e7f6', '129180d68d07d4ce1bf5a58029c322a9bed943a8']","[2416, 2417, 2418, 2419, 2420, 2421, 2423, 2424, 2425]",9
2384,"['cf90a5928bfcd31284a60b0de08dda8733f73216', 'c4add92588fd017892ad6e8bc07b4047a44b1a05', '4e8f94bd5592bf1f477a558cb7b20768f5f01035', '521515d6fb96f68e2049d8bedbfb2117770bfcc0', '5c2ce7a326f55fb851fea566f6cfc21b8c00ffb1', '817d8ec8fdd6d628993205eefc0e58bc65476d62', 'bc7fa07975b4687a3ded507678a1297886948362', '41be898f8d07e78d7b1da961bffd92c7b5ef21bf', '66fbf33fc4e4498e40107d8f76fa9cf99fc575d4', 'c52fb0b853898a1c0c3cc8bf36602409a29e2962', 'b6f3f6a587771d0fab329f4ff5fd03bed760fde8', '6cf2bb5f44b31dcef1341eec6a3968b4436b225f', '4333eb659085723b76265ce380289d9c321e204c', 'a23ff9fe5420862ca99d2f1d89be985484b79ae8', '945c5456124aed4c87ad5dd2253366097d512871', '85f774327ccf76caf7c52cba9d8965163ae453cb', '69ec77b290c38251dbc85b596e4e76fe61d077c5', '21f90cf247018c1286cc20544029782450dc270a', 'b4eb967ea61c373c63f9c0cf6108da336a5a9461', '62549b9d0c649e989dbefbcfaa49b63fd8056782', 'c00dd8af418ab1cd24532efa4ee87751725695a9', 'a8a40020e7641edc0b185b694d0e3fff555434e5', '1ef35c67d751aa16de2811e41412763b8045c3d9', 'fefcfa1b793cb51e920d6a6c6c8e9bcc4b337cde', '5d2b25327dc6739a2c8a437c21ae4089676f4058', '4d4ddae6ee2f3f755fe25666082f8703015b23e7', 'ed98f3458cfb341a5297dee618bbc5b4d307feef']","[2381, 2382, 2383, 2384, 2385, 2386, 2387, 2388, 2389, 2390, 2391, 2392, 2393, 2394, 2395, 2396, 2397, 2398, 2399, 2400, 2401, 2402, 2403, 2404, 2406, 2407, 2408]",27
2303,"['fbb1c3b2f45e2f3edb65cd48f68cb0bcc6b8dbb7', '21c92fb68417e0aae3f636e8be1c4dfc590c7567', '48494f8c050c76423c014e593996a6d84d3e23b6', 'b9a552cf9c89aaa8dc26895cb2ef72b738301870', '2cfcbee05921179d84f96a387404d62fb54fabaf', '0787666295abb12665030b11b02e435821a2560e', '1af020bbaf30c1643f773475343382f22b9c2a86']","[2300, 2301, 2302, 2303, 2304, 2305, 2306]",7
2258,"['cbc4dc6108f8f8b3e118354678420c5317542c80', '076f2b321a2371d156695ef843adf94198881fe3', '4bca471c98e846b74b0de97b6ffa43f27e31d44b', '5286441eecb890778d7c524482bd41d583452d92', 'd2ebacd5a4e8bc04027217a3bf431824eb468bbf', 'f4d3a829e1827a34b7a253bebbe822471ee1316c', '48a21be49caecafce6c72f8eb761d1699d3a4254']","[2255, 2256, 2257, 2258, 2259, 2260, 2261]",7
2719,"['466f706901d39ae95393c6c7b1d0b544247922f1', '0d9ab5b086bd702368d79d0cf91b7cbbe129f174', '6e7744d52857dfd14cabcd315b4cd2416a3a3a7e', '7dc587d601bb8f2039dae40c1427349f02f3c5fc', '2ea58d276701154d211c0c43e8a8815dccb2deca', '540213faa9efc3904b27cf9ee61cc1f5700063a0', '9a233d9e0d7ba72659745cbd71736285602edbbc']","[2019, 2020, 2021, 2022, 2023, 2024, 2025]",7
2168,"['d7d31ca0bdbcb0278df0ffa25c9c3e2ed801a872', '66e8ac6372bc670d98e9dc74f06ef6faef97032c', '935ccafb5e185efc1e4dc514d136cdda9bc4bb17', '612f6fc050628f091a0d678aa37892e81cee17b5', 'fe8c599e11e0afbe151c4d260db74abe6d027632', '5064a89266a4ff1590336956300ce0be94e85995', '0c67d72733c150d4416722c6f455bc8c8fa05343', '7dec2a50a26aa0b521876e2a9c1c5155005d0e30']","[2029, 2030, 2031, 2032, 2033, 2034, 2035, 2036]",8
2101,"['466f706901d39ae95393c6c7b1d0b544247922f1', '0d9ab5b086bd702368d79d0cf91b7cbbe129f174', '6e7744d52857dfd14cabcd315b4cd2416a3a3a7e', '7dc587d601bb8f2039dae40c1427349f02f3c5fc', '2ea58d276701154d211c0c43e8a8815dccb2deca', '540213faa9efc3904b27cf9ee61cc1f5700063a0', '9a233d9e0d7ba72659745cbd71736285602edbbc']","[2019, 2020, 2021, 2022, 2023, 2024, 2025]",7
1990,"['e4ece74071185c48dabbef44ffe55f031c24d5c8', '8c0279a028166ce753424f888b9a6abba3116625', '2b464d7de85fb7830857cb9238fecdf1cf3b9524', '147a6e2d5dca79fa4959bb125c6d29ac1ecc70ca', 'bc5b910e790e5cbf460a60751127b647656e0cb7', '271640d86a6924212e6860e4321a60a7de1f2aeb', '186b89d7b70ee8d33662a4efb1dc945fe87bfdf4', '0ba4d42ac12077374ba0a63b319b6c753f7856d1']","[1986, 1987, 1988, 1989, 1990, 1991, 1992, 1993]",8
1892,"['c15e779d55627fe19e50390ff8cbef6c247338fc', '3ca520bc5b8ea12f171d5cc0900d2eac3539e439', 'd252da8748f46408de3d18c2d75952e30e1dea40', 'cd4381f08082b66115a7dbc39dae33a30ceb150a', '6c0d20ee29e43d248c972a87f7f4ba816a18f991', '7824b90c9d0bc31cbf5d6d6d1ffa32d0be2cb62b', 'f06192bdc08629babfbd9d47e5c298e5a74b905f']","[1889, 1890, 1891, 1892, 1893, 1894, 1895]",7
2086,"['0b05963e7980d95ee35f683461714e2ac383e267', '7d6f62ae47f92c457446492084e9374889205d92', '36d9b59eb1b74442abeea856dca61ebe8bc7b3a5', '52a49b8dfe4f3a13461c0a22e0f0451b91539d98', 'bf59bfb434b95d9c71e63eb5f5267f4c8682a243']","[2008, 2013, 2014, 2015, 2016]",5
1952,"['87e4661193cb9f55ab2bf5ee469168c3fdd7037b', 'e41a12a82d45225826635ce9cf355e8a59fb129a']","[1804, 1805]",2
1537,"['a818bf58c4beac076cbc23e197da233ae5b9115d', '7afbca25db17e846636310ccadda904d2b5fb0f2', 'f4e9657ed14043166737aa0c068ebc53db89390d', 'cbd3f169e8e32d130ac64c8853310577e766713c', '7eabaf903215d951878ac3beb070670658143bb4']","[1534, 1535, 1536, 1537, 1538]",5
1511,"['8a5ec37974ee58aabd68ed13fa15e052598d2136', '2ddedafe17d307f9e8bbd5a59507abb4e502e92a', 'a5807c566af27b184731dd4eb7dfcc420962db32', 'fd9b65dc45657bb7cd236df5396b901f36469c76', 'fa1d99255915f21c868f28307fd6e3adb2029ea0', 'b5eb2458540a5c37180d6b5094731955fa0aeb10', '761217cbc2bbb4c4148ca5da54df5e30c0a20cfd', 'af5318996b51464e53e88580d2f2e2aa23de1677']","[1509, 1510, 1511, 1512, 1513, 1514, 1515, 1516]",8
1438,"['8ab0ef8ea60426e0ec6fd8957ceafa6657ee9060', 'bb6b1c26c783e939be4af4b8ff42558b44d5b705', '8a2bd96eba3cede916710c4b87830cd3593d1fdc', '18e2150e961ed2abd22effdd19d99dd0a2d81766', '1daa2fba4ca73d2c341c60b7b59b21c459684490', 'af53b8e0894ef1e5c5a555095cb22d7afa9c8150', 'c48dd6fcdea43aefafa813979afb0c4835532db8', 'cf65efdb78e3e4ae87141e55620d4acf0a7e89a2', 'a8000c3713d3c9ebf7bf5292cb15514f8e6a320c', '09bf87d539b6a3551b7b6f1ac5646cfaef8762a3', '7b273a1c084abda3f4637f953e6d3cc18dcdf108', '6631d1b3a793f6102c3bbb55d6b47a3f7657aced', 'b6da866bd0b7e06ae3cc3739f3fd3d04fbe2d726']","[1432, 1433, 1434, 1435, 1436, 1437, 1438, 1439, 1440, 1441, 1442, 1443, 1444]",13
1417,"['b19cd2c74b1af18df1cc32a09b152851ed7a559a', '4ebaa3bb1254dd71cca98b4bd5d263f62d36a966', '7eeabbad13ad10fa0465cdbf789f66d3503775a2', '763fe1a3f885cf819292371ece642fb5ddf8f8a7', '75b97b8519f0d50c62523ad85170d80a197a2c86', '1e05edf528e3917f4fc718723ee26d1c277ae4f8', '5531effd54b6cfc9e6fa657f50d45035f9c2620d', '328215a912721ecf054f53544ef27047984fc574', '09b78fd428aef8640695f57f9d73ff8d0a8ab529', '6d0a54adac4df31585a760e6da5c353f729b62dc', '4759d530543ba24671bfa100f0ba3bc49722d360', 'b5800973de79de9a1534d50bc5c7e49d17cc11de', 'd4b643bb3bace49684cf8554c9b0318b28e1eba3', '3701cafc3b21da34cf6c7e5268d20d21905549fd']","[1413, 1414, 1415, 1416, 1417, 1418, 1419, 1420, 1421, 1422, 1423, 1424, 1425, 1426]",14
1194,"['fd54befeadb6313b2d36a8e5f4f5dad3ef2ad5f3', '8ec79ecf31523184c0062e1c69f6ca8da13009bf', 'cc82a8ce36bb1b9a0ab2da76add4820c6111e1ec', '57af4b42948061fed042f46b88ac5fbcbf514282', 'c29e06e03d84730cf2ad9b9ea516841d71d68c40', '7a27bc22bb530765b187d2835b463f0df194cbd8', '59d1b2ce57c40ef8d854417cfc72237c98d768d6', '5a3e9aa19aede640aec7214d53e5c74e291dc3c0', '6d12ad79c2c22f28eb63038ac38de177d1624efd']","[1193, 1194, 1195, 1196, 1197, 1198, 1199, 1200, 1201]",9
1156,"['11f7304cd625e21eff1cfc5ad27fe4a9e4cb9549', '5129b7b3daf9ec142e6392fc6088164b5100b1ef', 'b65b480b05abb3a4b3ec08c79efba5147ca45b03', '0db57763dd4fca9a8adad1bbf2e96969df11abee', '62f7608c472a26e2820357de6e41ea4a9542f071', '414b884d943ad66e9c0909e0637d8ed8ecabb185', '4ec01ea0f00d06f41e0c3b0fc75ff0c9fe6380bd', '37cf6f243424570e39b5f65280ca673089e55945', '851debd4c9607170ca33167051a566df03b3ee70', '71a3d83d95b916f5992ad1f9230de718c78a519f', 'b4232dd0ddd5a70a7934efa9ffefd283bcc11766', '68f2a773ab184828275b9f45a57d7fb7f9c2b9e5', 'df554c687f5d4ecc29c029beec5926c290bffe1e', '614a72e345fa054369f9e32540656ac26e432823', '1b63bab8b1ae89e9caeec21e32e1b49124f51c7d', '96dd040c273a5ecf91f0a87acf51ceb5998dd5d4', '0c8c763e431d3c923f3db04b9ecd32aef1b94450', 'ce457af97a4bbe04e3edae8d44f594153044ff68', 'ad8c3d2775b47478b12387a16ee6b05a5906e96e', '4c3921d35dcf1c7ec782f0851b58db344d7d911e', 'a748091460ff20609d4f0699c7440f2cb56103b9', 'c4a00322e562be3a53b93638b8ea9640a7c27806', '9077a58a1325a4e5e610c13849b3509e8cd88111', '26f8fa23b803e93184a14c81c77163b301a6c185', 'bc2666d1d68d5b5e70b396d64cb40d9fe7cfebd2', 'dce9e1b765c2208f5eef2a95a91fef8479fd3a43', 'f1622dcca14e5c253232ab644d5fe5c5fbdd36d5', '767b66245e75a825b6f96fe065f5ad930b921090', 'ee7b6d8bce2b0053fba8126aa0480cdf63b20986', '00255f2d013ad688c9fceade16fe478da572005d', '4f3c165ac0b2c45b0aecb57e1dcc5744f6e219e7', 'e0f87c6098fd50b2da20ff09e63658c7ec3acc5d', '0ffbca84ed9b068cb2e218b090baed84813ed925', 'b4c1f77170940eb1270a35bd6eb1ecc56ac6d6f3', 'df4f7f2721d7c8a913ac82b8a52701500689e164', '61bef3f6d09bd4af0d29a9cd4d6552ceefdf36fc', 'fe45e710f51fe34da23fcc6425bb70b49ecf3d78', '9378fba3ce5eed10a35028b441b8521bde125b92', '0b389134b2f71560a077947080c440442998df5e', '69b84875d4cfe866f94e5fb2d78081d47b8008b2', 'fd54befeadb6313b2d36a8e5f4f5dad3ef2ad5f3', '8ec79ecf31523184c0062e1c69f6ca8da13009bf', 'cc82a8ce36bb1b9a0ab2da76add4820c6111e1ec', '57af4b42948061fed042f46b88ac5fbcbf514282', 'c29e06e03d84730cf2ad9b9ea516841d71d68c40', '7a27bc22bb530765b187d2835b463f0df194cbd8', '59d1b2ce57c40ef8d854417cfc72237c98d768d6', '5a3e9aa19aede640aec7214d53e5c74e291dc3c0', '6d12ad79c2c22f28eb63038ac38de177d1624efd']","[1153, 1154, 1155, 1156, 1157, 1158, 1159, 1160, 1161, 1162, 1163, 1164, 1165, 1166, 1167, 1168, 1169, 1170, 1171, 1172, 1173, 1174, 1175, 1176, 1177, 1178, 1179, 1180, 1181, 1182, 1183, 1184, 1185, 1186, 1187, 1188, 1189, 1190, 1191, 1192, 1193, 1194, 1195, 1196, 1197, 1198, 1199, 1200, 1201]",49
946,"['0f8da248c67bd889636a5359a42b37355e041a4a', 'adc3c8ab2b86273be1a641014ec088b84c0005b8', 'ef9e64ffb9cc320ced844a61c7bb77041857140b', 'b8d01a7df1c1f3c682200fdefe99f5a7291f729d', 'e80598a680fae91ee42521d5aceddc855f46a783', 'df7fb3d5f1cf3305fcab057b3d7bdec3e120ca8d']","[943, 944, 945, 946, 947, 948]",6
924,"['580b85fc40feb51a3381f9c56d6d203808e79cea', 'd77e5a7ede506a26dafe3a3a23e709d74c9f5217', 'cb28ddcc54709f3a58d79726344fd043afed5c08', '1cb7e91cc8114b7ea2b584707cd021f44aeea5e3', '7982605b78c5d0bbe0696fa04741cdb911cd88f3', 'f1c982a51a709588ab44eed90f1019092128603e', 'c698ae9d35451eaa5d98b2276ecb194f6a267a1f', '535bce5c73eff59f08082368da143de385e9508e', 'a1bb6f2dcb82eb9f880f87c480d6086a8e0bee34', '88f44d87d4c2251d7cf55d9aa9c3452a397ae19b', '29552cad85efbea7b35092d95a64f4eb0564a9fd', '83050563fc78bfbe2df78b8494be794483a5ec0e', 'ded6b8a9bd8ecd923be27ee2e5bf955b8631ca10', '3ea7ccf96a21f95defa46e9a6127baacca0e81bf', 'b7d896ff3c309eb44ffc4bf853da7d3a34e9ee68', '47aa3dd4318bb9812b22e8fccb457d86f2679099', 'd2ec7c3ddde6baf161c3f4619c6db65e06e9f3b7', 'e1d8adbff1b6eb0be7099cf18623f5f8f51d48a9', '9cd4151a2faebddb065a2b4424584a4cd1279abf', '1a38ab15a1dcedf9b49133c2b80477b54203ff64', 'd12a42fe1671a0fd013789a698bd9776d4f87109', '7ac0b2e2506f7c49a9c8b7e66d49c878122e273d', '0f8da248c67bd889636a5359a42b37355e041a4a', 'adc3c8ab2b86273be1a641014ec088b84c0005b8', 'ef9e64ffb9cc320ced844a61c7bb77041857140b', 'b8d01a7df1c1f3c682200fdefe99f5a7291f729d', 'e80598a680fae91ee42521d5aceddc855f46a783', 'df7fb3d5f1cf3305fcab057b3d7bdec3e120ca8d', '3955abb9198e2fddad65c157610e62e301a0c4a7', '256c606b0b3251054b714dfe8ca19901e7b82046', 'e4708eb9bb239da20b3038dec560efeaa0ed0486', '21a81e1f0569f81d7f371ec05c4ea1f263996e7f', '213803d5ab8996c12be8d57240faa0f74ca92a32', 'eb680990489013d15a92b49f8c7212533a21948e', 'ac4059964a1c30b50d8b347777f45024b1a7e929', '020ec627eb94df28a1bfa3df7e0564d338541574', 'b927a74368f730cdbc5f5ab443c6dbbe42a4d7a6', 'c6eaf4b5230d4e72cef6a4cb74d17631c6304f79', '8242cd9d2ce15ad8af1de4979917fb0a5e174554', 'a3faa88c1008a76a4045577116d2c14a758ab078', 'a9f447a462232d786c975fb18eca0a02ee85d2e4', 'de173f3660c276621f355a40040cd183f7e0dc76', 'c5122ec0698b2e4778ca755aa6b6deb592e8373c', 'e090cd8ab3aee1b6e6ed99ae1aae51bdc811117c', '6c98fa9d28182ebe44f4466fc316e9817f387d17', '9150a0356a3c484e2823a63d3570cdd90c0040da', '833680a543eeae627a0e93684355e881c789c80a', 'efdc0d49fd9315d1fd0c8a8e57b8dd1866526087', '44ac79f3447cf5816b370ee0ffe57b40af6c1e6f', 'f0af8c1f950e19813272e7b32c664026937fdece', 'c641643616a99e7fab7c66d112db5ca067469a7b', '8b1d92eecd03c7b234e9de1be6138e14cdff142f', 'b4b5903bb72be8fa5fd059de6d2caeb886ffca52', '33d4db08272862d48bf4d100c7b3fe840ff453cd', '32966849408561825efb2893830e856fd4727ecd', '52ed80f135a71831763197e96046ff60b0a7d2ab', 'eb509fd8b6629938a7569a4c479809343fbb121a', '8d3ff9d5a0c8c1a235b0e32eb84389a073238ac2', 'd294c6c56819b2f91aa981dcbb8e6e86b12a778d', '7a815066db5fe1e6cb7258057ec3c6b0b9c4601b', 'f75585ee649a1ad7d47646f31efb7a51aec555ed', '156487d56a9d7df9456eb049f7ebd9f70d1f8474', 'a455b53c75d4649461ba3e7fdcc625f2cd223202', '907524b411aea758d1f388bd286f0ee312221a39', 'fcbbccccff541e3492ebf5425ed5223581f77641', 'ea0b0cd85d0f0eb769923e618660f19e1f19e677', '25d69f5cb4d559807d51098a49ac013a2eaa8954', 'e05e352f53245160fe761b88665f11f67cef9d43', '1488cef12ee88e25dd0161f1b85c552a32775778', '8bdd49b36c8c05483669f6bd50b3839016f78983', '105c58a3207ec3fd5d26826d2eeb35b0b5c77aa0', '313deaa07308686e9e680a2a6db2660a38be6f22', '46b65b5f56522f2a7839355637079e4c2c6cb13d', '467693e5300833baaa4f7b09e833cd96c79e84c9', '38912fd333f7856df0ec4d8ec42aa63dce55c5bd', '8717127e0eeef77cf4bd110db7b589129edadbb4', 'b02884d4e1e3c251257e811314916a32899e16dd', '3bcbc29b482b2b18ad28d0022969904bfa0a5e4a', '8b5fd608767e1a267308e58bfb7eb409c75c1daf', '6501fca161fb47dcad6b196bd4e3d05b03d43e6d']","[921, 922, 923, 924, 925, 926, 927, 928, 929, 930, 931, 932, 933, 934, 935, 936, 937, 938, 939, 940, 941, 942, 943, 944, 945, 946, 947, 948, 949, 950, 951, 952, 953, 954, 955, 956, 957, 958, 959, 960, 961, 962, 963, 964, 965, 966, 967, 968, 969, 970, 971, 972, 973, 974, 975, 976, 977, 978, 979, 980, 981, 982, 983, 984, 985, 986, 987, 988, 989, 990, 991, 992, 993, 994, 995, 996, 997, 998, 999, 1000]",80
903,"['e507a88cd98f54cdc1e4774d1f8257956d605d62', '84785f8658a28adf30fbb55e55906ac55d874e22', '61ef4bf02b47c804d6a2e7e6712eb4a173f6f6b3', 'c1661b67723ed5c394b1fad5595bb01b370bd1c0', 'b69f97fb4ba4d1b15eb9633c1a27039e8f85f4c5', 'ed8b607398e9aa5ad3a414899589d32a02cf89bd', '181320f30d84b110495927bbfa51e859973034e1', '750b06523c141355a399b5c51ac110e9b4f4593e', 'f03eb1d4f9b9e1841d65f57191f971d7425d8274', 'f592f7b0a07541d9ab700ba94525263b6f3c7f7a', '2b1f952854943f24cb3d694b279730b7ec49be2c', '3ee4fe0fc1b0bb3c3d2f39567f3f1ae86c3fa53b', '8aeec2ac38b66322ea28925b8e59217835241039', 'c63a436a43333cb4a0c385e6fab2401d77e69378', 'ae6c56a9493d97c754a1847a4502a06d68c27011', '688cbc1ed6952b3f94c01c8cdb5b067589b83f66', 'ca1b6bad52d43eab691e2168c5ad4fcad229400e', 'a31445a6323aa2ad246ff2e09fadb06a27e6b2dd', '3ef691ca874c0967b18a73db45cdc2c86f45c701', '580b85fc40feb51a3381f9c56d6d203808e79cea', 'd77e5a7ede506a26dafe3a3a23e709d74c9f5217', 'cb28ddcc54709f3a58d79726344fd043afed5c08', '1cb7e91cc8114b7ea2b584707cd021f44aeea5e3', '7982605b78c5d0bbe0696fa04741cdb911cd88f3', 'f1c982a51a709588ab44eed90f1019092128603e', 'c698ae9d35451eaa5d98b2276ecb194f6a267a1f', '535bce5c73eff59f08082368da143de385e9508e', 'a1bb6f2dcb82eb9f880f87c480d6086a8e0bee34', '88f44d87d4c2251d7cf55d9aa9c3452a397ae19b', '29552cad85efbea7b35092d95a64f4eb0564a9fd', '83050563fc78bfbe2df78b8494be794483a5ec0e', 'ded6b8a9bd8ecd923be27ee2e5bf955b8631ca10', '3ea7ccf96a21f95defa46e9a6127baacca0e81bf', 'b7d896ff3c309eb44ffc4bf853da7d3a34e9ee68', '47aa3dd4318bb9812b22e8fccb457d86f2679099']","[902, 903, 904, 905, 906, 907, 908, 909, 910, 911, 912, 913, 914, 915, 916, 917, 918, 919, 920, 921, 922, 923, 924, 925, 926, 927, 928, 929, 930, 931, 932, 933, 934, 935, 936]",35
645,"['3ac5fa9ec32bbc20cddd7db2804635fe0a99bac3', 'e2455c786aa361b725f5cb14e246c32469c8efa5', 'ade277465681008c50da3c78021e13d7bda27580', '15357e27ad18a1ca4e201b4c1d00b46cebaf50ad', 'cb7759e31fa0f721dcb5e23718a7d99488594ddd']","[644, 645, 646, 647, 648]",5
626,"['0e00d3622536963b9300d382db7e0d650b5f8e6f', '8ad49f2edcdf0526dcfb0fb5a7f63b903b36c58f', '3fdbf62dfe38c1a17521abfeae615593f228123d', '1765b055dc7ece174bff610846972c8e9f06707c', 'e997f1270f6c3d5c1443755e51ecc580eaf943c6', 'c3ec979a0a1625010adbd0333c2744ed052639b0', '07d287d3e3cd937504889dfe91629354d2eca115', '08de89666b6636e04a5f2b5557a18988aedf4a1d', '41a152a0bc386b0d56a39a904fddb3fb436e12b8', 'bc23129585e6acc2b8acf2b1b409163ae38dd59d']","[622, 623, 624, 625, 626, 627, 628, 629, 630, 631]",10
403,"['6a4ce69e82532accf945e899cad5c0d0689f5029', '2dbc33770a501656e913f745915514909ad121ea', '1cb2b46101501239e706eac254df66f6ad94abbb', '2b1e3e292cf2b93f8d846e691a914cc1f269c7db', 'ce7398c77333938f60dda1429b027df3ec595b5e', '221df10c514721d1585ade730b4addf2a6406316', '69709adf5966337d312142f7599ac3a29cf8560b', '6f71731bd29513cfb896b414b2822c97821b36df']","[386, 387, 388, 389, 390, 391, 392, 393]",8
381,"['f86f4a429d0b18ab1afb4e6167fe794f790abeab', 'a9be369ff2125fa7d85512a95efad438441c579a', 'b8f79ed6b3b014288786d7a928a5817360c192a8', '3f186e18ad8bd349b28aacd7fb1fb34957b5b71e', '83bcd182408b0180049a7d201e09d996ec424593', 'c277641421be2b2fe3319fa75f54b9364ca91178', '55bfa00bb75fa5d91097213ed0707b0a1957e086', '3ae9c396aa0ff1600bfe8aeecffaeed0ae9c3968', '6a4ce69e82532accf945e899cad5c0d0689f5029', '2dbc33770a501656e913f745915514909ad121ea', '1cb2b46101501239e706eac254df66f6ad94abbb', '2b1e3e292cf2b93f8d846e691a914cc1f269c7db', 'ce7398c77333938f60dda1429b027df3ec595b5e', '221df10c514721d1585ade730b4addf2a6406316', '69709adf5966337d312142f7599ac3a29cf8560b', '6f71731bd29513cfb896b414b2822c97821b36df']","[378, 379, 380, 381, 382, 383, 384, 385, 386, 387, 388, 389, 390, 391, 392, 393]",16
362,"['d2d049874157f04eee73c1d6c7d2f1a011381064', 'b034ca58204eff83f29bc15c3cf061b5d9833f6b', 'e34ea7d817e8a4116f4435a24cbe207809c7ed60', 'fc3db392238d0de9d28b6f8a98a1716f3ac22280', 'a253fd38e6b975ce4e10ab6470dd8f57838a553c', 'c8bbb1bf218438e9079f843dc9511c072f9882f1', '23e267c3ce766247d51cd16dd874fe5c41371c35']","[358, 359, 360, 361, 362, 363, 364]",7
334,"['3117c1049587534aaba37d2448f4aabeed24bf6d', '33a9a93476f8ba69eac093b70a3aa0f0f17d44f3', '477f0c8df6c6c5b0ac36a95fc22eb330e1150106', '7334d4209bd144f767bbbb1cd03c405bb6772217', 'f921068a072805c7c1115733b758f411125ad076', '48b4b01fd130f09174c23c29cf358d1124da33cf', '08777109255c0626972fc2f03c3eef5e5ef2fbd0', 'b64abf3b982b520c446f3ab2a224ad7b816dd54e', '54630e802014c830dcc0a4ea8bd58f78425ccc58', '73536aea768f178e2d099c9fb40627cec0838e15', '24553d26d9f1d1edee89940b8c5165fd5accf77b', '280603cedf727d2c9925775e00b53838dacc79cc', '796dbde590c2d7e4a82d9967c20462934b408287', '3818c6edd17843b0f17cef6374af323218f1a3e3', 'ab37cd356e70036b9682b6dca212721f56e72f33', 'f04929a744b10694a8af73cf1f33dfbb0226bbc4', 'ecba9f787803f88c368e80794908ad999d1bd386', '33ac88ae6c21997ed57adace740aba186373e707']","[319, 320, 321, 322, 323, 324, 325, 326, 327, 328, 329, 330, 331, 332, 333, 334, 335, 336]",18
294,"['fc21370eefec8210fd2902e3cbbf4ea13210f44c', 'e66c18c1a073ac8e9859acfedd64269659c239c0', '13832f2d5cdfba80f69eeece133f7489702b1642', 'ab22e8281836fd197bc6943e277f4aa0d0c953e3', '3ff3653d1117bcede271e90d5ccd29713d50bc59', '3a27978de5ac5c5a13cb57a04567de6951069340', 'bf5e0faa2519318d21d4c29ee3f241589aeb2093', '43abc3b696bfbc194f5e43825de32b13deb50040', '21b3805ce084371f278d6eb6bf2ebc0882e268cf', '1421af6eeaa8101c3ba8cef834f893943e244cf8', '048832df0c69a01474d3f330e5de459bcca4aae4', '8eb6eac99edf92b8f7789bfad2aed3066fa0ac01', '104e21dc5c66e7acb0fdfbd51233e485e24157d3', 'd8e52fa5172158312b11780eb99292f46815876b']","[291, 292, 293, 294, 295, 296, 297, 298, 299, 300, 301, 302, 303, 304]",14
242,"['2fd4ffd9963545ce735a58957a84afb90809561e', 'ae465badef2cf1ebf1c149c9030258bad8bca080', '9af5904b805fa07a00757fe2d24c1f931b502254', '14695dabfa9b6bed1fcc40f217e1b63b663efdfb', '17ad21f7a68404dbe64996ada1f851ab910e782a', '02c0f2e7678cde628348241872a5a67d9d07f1bb', '034319b89d307b778f5ae3787ea4425b20a3064b', 'a47332b281c5b89c4c3b4cba33ed8040afb092fa', 'c0c885ea649967174fa6414a8464848fabdd68de']","[240, 241, 242, 243, 244, 245, 246, 247, 248]",9
1239,"['d5192d8f61543d88ef866f4bf95ea3e12e3e3353', '756f9b3f8722962b9da05469ae0de87e55ab6f31', 'c008d0a081ac569ed4ee063fd4dcf598e3489ff2', '995bacc253918422a6fc3e5dc3bdb2e6e71ad7e6', 'a114113be0e52e29e5c17941294c01ea7ed1bb56', 'e2f3a3b6220725e9f5e0823b6f14550dda725e50', '4e46606e60a057cb4ab7d174ad593ac414d3916d', '59202e80615f9cb01ebb011dbb0e375f936530d7', 'f0399a72ade326692fe5bf27e76b73040696d5a6', '56108783243f46002cf15993ddf3d377b0c34d6c', 'c4a91615b4537378d4bc2691d62d3b85e426d6da', '5208e5b02d2eed0d8935345bd1fa5a021f4fbbd0', '0c8e278bfbd936857e3753f808263c50de8dfdf8', '3738bcab730b1ce72402ca4f2841cab4b9a89b83', '5db99b05cb2f5fc6a36ebe53d903ce9c45b2798b', 'f881d083a9a32dfe434a1ea0c75a841607309218', 'c900da336d4d58db099cfb7369a868b10f640d3c', 'b7ef324f3e6b4a6d39bb815fbaa189c319f368df', '235b564002be3c8828a932a00bc74b0a8fba0e59', 'bee588de3cf7f5c39f5e55787a315b40220a32f6', '7bfb8e82cf3805fe8090c7c18616970dcc848daf', 'a61796de8f8f7143fd0e6acacdf6edb107ba90bc', '4a04bae1e2713c01b0cda8eac0f7b9e0be280f09', 'cde74fe319a0a339d35f397fb03cbb54b372688e', 'd3bbc99076c31870b9eb8ef9dd03d13a263e9b6a', '34f20cb4d5782956d78f45c372cc7acc2ebca511', 'fe9bf4a183141c2eb35ca8ea27dabd81f4945c46', '093363f3b9cc55ab2590ac95544d6131898a338b', '30695b906b87e32d70307ca5061339b992484246', '1b90832f9130d922b63c440f6e5edd911eb098c7', 'e79369951d2f80621dda8a6638a6ba91805e4475', 'e2a7c06af95347d16db2adcb447859a638d11625', '7f8ee058e7d3c0cbccaa28b4d64d798e80679e87', '84b973a20a94a931f7314780c725595e3ea655bd', '02c97eedde1dae59f98571401c8aae77be60ab50', '2b89f3fca88e3355f48d193a596990f6c0d86bf1', 'a7b8d44407261d9476095689ab0a7a3be37615ea', 'bbee3a9b2f4a34ff1f0e7c2965c45c2850817953', 'd2e483a1191acb1711836a6898455182b8e4ded5']","[1238, 1239, 1240, 1241, 1242, 1243, 1244, 1245, 1246, 1247, 1248, 1249, 1252, 1253, 1254, 1255, 1256, 1257, 1258, 1259, 1260, 1261, 1262, 1263, 1264, 1265, 1266, 1267, 1268, 1269, 1270, 1271, 1272, 1273, 1274, 1275, 1276, 1277, 1278]",39
732,"['8e2f63d576bc349f9e3afce6407b41102d049a22', '78f57d7ffd878b0c6d45c9f9afa9f2fb5c89eb15', '9ca7d93f70b671cee1f07567a34c23b8d2f8968f', '79b3adb150c7b2b963102cb460575ea61f1840f3', '26ccc50c89a009c05b8d4c08666b217b48c15208', '8319b009181b2d0a6299f576ef2557724cc178f0', '9b2fc8aecf2657ca61eedf732e33e5e986749c31', 'd4ee12562ba3b267d6ce7472b6422bf0647aed0b', '94335d176bcebeafdd6db90dae31df3ae70722d0', 'cd1654521d52a3d1652cbce7fabcd2af8d4c592c', 'd03e3b5b9433cc03ddbe47cbecf1759999097ebe', '373e3350158ba576c00f5eea188f028b5fafc9ab', 'af8739d4657e4bbbff2d90f32e27f08bb60a048c', 'c4b2405325ca83d02f4bca1470bbbf9531371b3f', 'fd6c023c78beaeede8cdc132bf17d3e0ad5ba052']","[731, 732, 733, 734, 735, 736, 737, 738, 739, 740, 741, 742, 743, 744, 745]",15
653,"['bd4a0a075f45e7d654ecdc8e59fa10e9c6ec035c', 'c2d70a4613954fd13484b2ba849dae891c539f6e', '58fab104c765643c0e37a651965b495c645dd9a7', 'a2303b11db39fa3578adc95d7c56d6606bbf02c5', 'fb6d9d35fd6fe7864fe00826599febb635a7e9ce']","[652, 653, 654, 655, 656]",5
508,"['0cd79bcbfdee8adbc6ac7bae3db38f604cf746a7', 'a2e372b81b46fcda4289fb1081950174d6500838', '55fb3de832b78b2e144fc125baea29224df8ed87', '335a4b8926ca7760f43c396c0ee8173aa00698eb', '65de78f3900e794d33da69b2d8416b2b4cbe6ca2', '983467824554fae9418c453c5509cd02fdaf59c8', '544facce2b44fa24de86830f1ebc30de7f96f02c', '7df2a620e033291ab5628c8a5778fe0a5d1c91ba', '122f5be484a5e3d22c09ceaa3566ccd7d4c31384', '15b6bb7aef692eeb352537fc64cff7b419de1f7d', 'cbb1a578ea03d4a260dc3c62256a609fc0b4259f', '452b6c13d5d0f0dce5f55f958b892c61987d3715', 'e40c4ccd05a57d7ba22c33a87e3b68da5aaf6b16', '36c706bc7df19bb379f3964d9923287a5b3e4ad4', '18a2a34fc91159ef9d2606a00b3e6a56f508ae1f']","[506, 507, 508, 509, 510, 511, 512, 513, 514, 515, 516, 517, 518, 519, 520]",15
396,"['45fa1043ebac1244f7f9477982ff685014980269', 'ec0f8370379b70689ea7d8dde98a2f7e4a31effb', '249f20d0ed1a0b3398f3ad6a21f435f4c6167787', 'bc60f83f9850aa0b5acc34fecea1ed16f7963781', '81c2850cfcf305a8bb44da87da905c7e6ecb9fc6', '887a2634e9111881dfe41ab569299bc3b0ef7ecf', '77aee971a588b776a4e2cabf8d81db6fcfdf2527', '8c734607a150d45647fa6b02b27ed08c45896d29', '7c05a71159d32732134e8598e8975584ae6c8f41', '0cd79bcbfdee8adbc6ac7bae3db38f604cf746a7', 'a2e372b81b46fcda4289fb1081950174d6500838', '55fb3de832b78b2e144fc125baea29224df8ed87', '335a4b8926ca7760f43c396c0ee8173aa00698eb', '65de78f3900e794d33da69b2d8416b2b4cbe6ca2', '983467824554fae9418c453c5509cd02fdaf59c8', '544facce2b44fa24de86830f1ebc30de7f96f02c', '7df2a620e033291ab5628c8a5778fe0a5d1c91ba', '122f5be484a5e3d22c09ceaa3566ccd7d4c31384', '15b6bb7aef692eeb352537fc64cff7b419de1f7d', 'cbb1a578ea03d4a260dc3c62256a609fc0b4259f', '452b6c13d5d0f0dce5f55f958b892c61987d3715', 'e40c4ccd05a57d7ba22c33a87e3b68da5aaf6b16', '36c706bc7df19bb379f3964d9923287a5b3e4ad4', '18a2a34fc91159ef9d2606a00b3e6a56f508ae1f']","[497, 498, 499, 500, 501, 502, 503, 504, 505, 506, 507, 508, 509, 510, 511, 512, 513, 514, 515, 516, 517, 518, 519, 520]",24
352,"['45fa1043ebac1244f7f9477982ff685014980269', 'ec0f8370379b70689ea7d8dde98a2f7e4a31effb', '249f20d0ed1a0b3398f3ad6a21f435f4c6167787', 'bc60f83f9850aa0b5acc34fecea1ed16f7963781', '81c2850cfcf305a8bb44da87da905c7e6ecb9fc6', '887a2634e9111881dfe41ab569299bc3b0ef7ecf', '77aee971a588b776a4e2cabf8d81db6fcfdf2527', '8c734607a150d45647fa6b02b27ed08c45896d29', '7c05a71159d32732134e8598e8975584ae6c8f41', '0cd79bcbfdee8adbc6ac7bae3db38f604cf746a7', 'a2e372b81b46fcda4289fb1081950174d6500838', '55fb3de832b78b2e144fc125baea29224df8ed87', '335a4b8926ca7760f43c396c0ee8173aa00698eb', '65de78f3900e794d33da69b2d8416b2b4cbe6ca2', '983467824554fae9418c453c5509cd02fdaf59c8', '544facce2b44fa24de86830f1ebc30de7f96f02c', '7df2a620e033291ab5628c8a5778fe0a5d1c91ba', '122f5be484a5e3d22c09ceaa3566ccd7d4c31384', '15b6bb7aef692eeb352537fc64cff7b419de1f7d', 'cbb1a578ea03d4a260dc3c62256a609fc0b4259f', '452b6c13d5d0f0dce5f55f958b892c61987d3715', 'e40c4ccd05a57d7ba22c33a87e3b68da5aaf6b16', '36c706bc7df19bb379f3964d9923287a5b3e4ad4', '18a2a34fc91159ef9d2606a00b3e6a56f508ae1f']","[497, 498, 499, 500, 501, 502, 503, 504, 505, 506, 507, 508, 509, 510, 511, 512, 513, 514, 515, 516, 517, 518, 519, 520]",24
247,"['04cf410ccec121c13ce281c3d8a9dbf54e067638', 'ce76ba502c11a8bc743a10d6741521b278d0fd74', '1857e1d062ba90c4fe2148007df4d41c5de6e594', 'e6ecdcdc376565b8cb26af7adb6371c85116e915', '80f9a92f46ee4155944dccbe0bbf953ddcab7546']","[246, 247, 248, 249, 250]",5
77,"['a9b08161c3020f3086d34d00aec4c843252e5383', '791eec3a5a9ce3738bf1a163f9368ac0894751bd', '5cd0905df8ca192858f8ea4f4a9ea2ea95a9d526', 'a13a79922d5e1cebfcc5dc3a0c85927fb8697c96']","[75, 76, 77, 78]",4
32,"['8d449c9fc27b1c6307397e840c8feddce62d3a9b', '331b49a84d93e58ec4b86fc02d50fad2817be238', 'c571d7eebbfe2361d3a6bea4855a4e129eea5db0', '3a04861f17dc971c450c8bdb2450ea3ffbd7c618', '4a247db4b7a72a051152f6d5bd658956a9bf688a', 'ea7c8514244d7752e98a18e51f3463718b940ed6', '11cc698b520e23bafadaddb0580bc2261d2a690b', 'a6d8b3fd5946ab985ed646be312ca6f57dfe6813']","[31, 32, 33, 34, 35, 36, 37, 38]",8
906,"['4f5fb6b98cdcc20a787fd8367e491f8aa68b53ee', '97141026522bef2de07d1c9cc083e215b4750c00', 'c2fe22fbe121ff00cced5b5203e5d10594def7cb', '43d8393f8afb41f12b2a89d169e469763346993a', 'f45aefcb154bc54a5f762f52a2725517629ee94f', 'df37bb9d3cfacf9b7a0aebe3c2d0c343ec995041', '78c284b4886650a6bf660c3ae5778dc8aeb98f90', '083eaba5e6128832668234da7f249bb18381cadd', '28ee8a538f660c16a45a2d60143d9e3cdc1741e3', 'bb793ed35e5dfb12ab840a01d6f92c23dcbda5ed', 'dcb7451edd651cd69631f9dd2bb970cd8f8d277f', '0d451e635d8e7d62c94f10ddc7983e7ce25793e8', '4d4e09b226206f8f0da4ad1c63255ae8622a00c5', '4cdf2e983cc655302ddf8df94aacd4e5de4d3c24', 'ae96270555cffd9d78d00f4bf5a2514a24889c6a', '60443a75534163f3d19cd35a346601358cef585e', '21869b4e4d24a3c5e5ecb4bafdcbf031e5ab4f6d', 'c6e7a9bddfcf918e4e30b10e89b5a2f4d567ac21', '57dc26fcd91edd7d806c1ee89bc320d6f7e2265b', 'e3a520ec13766b1e56a3bfbae4b5b2ce0cc8151e', '5d525a154092922b1b16abd0b8ac01299aae29b9', 'f886eda4b49bab9147e4ec94c71ed0496c535622', '05faf562de4891ad680ec8c455928f9f29bd7c83', 'ba745babc71d165fcc03c24667b1d11871c9509b', '5e14644fe31d1f8815c64fd956cd588e5d7b91fc', 'efa8e3a7e1d7c85f0792c005e3250d61f0c16601', '0d09d170906e222a297cf8015b46726d8e3c49b0', '54ac0ab3c2eb6eee298a28430a8b4cc1a5643646', 'cc3f54d9704faea24d367d9e9edb8f389aca2d43', '97c9e58c700625dbde450d9ab1d202415038d634', '61784088c0a8045386891fabf65b73fb5a028275', '332b8661f0359f75e6f99444517422ac226b9ce9', 'eb16c5e38d5794735171763a7078c1c2853b45d0', '6ad860cf4b3f9ba43e7a74a701c48881f305f253', '117a2384d5e5ade177c497c9fc05653e06d6fbeb', '3c6540a59c3471a26fc2a4c35d8da96bcd8959f5', '5f36c2a8cc5153b875cc795626a9f7ed463f7457', '3eadc655892480b715f1255b9669f1b8f1494a10', 'dbd1fe5e536a23bb123557891f7119b29e862cf3', '99ea14cdd7172a615721db5ede09dd1a2fca2653', '49357b7e0f38a5ebb58a9a1971d0fce687f32409', '586b1eb97f588fc9048a868fe6111a058b48732f', '80dfd57d6a0d132efb4d05dc6baba24d40d3a9dd', '8b884bb5cd913a5578c349f79c0a4ebe4e3c56d5', 'f3e89905459c9d3848e94a33c6803b5688e86f43', 'be1723b34993e0f0594aa8f6c64e702c90221055', 'd07230f939489770c76cf5978b8bededf3ade79c', '09e141db4e3c34e83af1feead08dde5462c0183c']","[898, 899, 900, 901, 902, 903, 904, 905, 906, 907, 908, 909, 910, 911, 912, 913, 914, 915, 916, 917, 918, 919, 920, 921, 922, 923, 924, 925, 926, 927, 928, 929, 930, 931, 932, 933, 934, 935, 936, 937, 938, 939, 940, 941, 942, 943, 944, 945]",48
837,"['561a4561133c000c55de16b11c207363f143e135', '7530559c10c66e9f608ca801d3797d411687eb2e', 'd43882cde3bc3cb309eaa03db0c05668038592f9', 'f7d0d3e14a0043eadc89f1842d47f19a96b5f8df', '9afb504685493f3e2b2df5c664db0c0c4929f4a0', 'af615b6062a81440265158d994bb479244c200e2', '65e079d0f9a4d30f0d82c426d3ba87ee0335239d', 'bf995c41053f62dfbdb8b5ae99ab628faad68b49', 'f80737c6c837661737e779a976eaa4b7e8e40f4d', '3633a7db7303ecb87228960ab399280e05264549', '70add5b8fc685fd8d37e470bf9f1e10ff9d0a794', 'abebd890f2a5506a8b87b3386837f75d2e2618f9', '5cea699fcc662c9910a72103154810f77270c3a2', '9a41244a698e1a4cb16b5682c513598cd3ee4807', '562c8cdd45e6dd00609d7d4afd13ffb4f2d4052c', 'a5f2edae2f8fac75e8defc2edd21726e34011622', 'd0b00828d9c4ece6662df3483fcb6bc9a3c667f1', 'db5365a26182cf9c403375f4302885fce7af3b4a', '6ab836ea6c231d8d7dda9f044e63e225305cab14', 'c7a2478d0cccaf60cce42b3e063e97583b386b5d', 'c801a96dc7ab08676bd3c60bc70a020f28ef9a0e', '4938036087bed3ebdfaf6c98db14d269179c30a8', 'f8db60e5379dffe7655fed902fd71634a01f6a3b', '648d5f9c78858d389e10a2a2d930b578e9042d29', '26087df80a8c11acc295f3c13915dcc83e151817']","[834, 835, 836, 837, 838, 839, 840, 841, 842, 843, 844, 845, 846, 847, 849, 850, 851, 852, 853, 854, 855, 856, 857, 858, 859]",25
753,"['656e965a10aaab948b0c2a21a0d9fa177411299f', 'b8b8131263dd3616cbc25b48114b210620519256', 'e6f8923b2bab8962f3ec96d398f2ab7ba1f372ea', '41001739d6efb1929c79960480114a859b32fc92', 'b7e0ed9125c16c2035feac70833b09dd1c5322f4', '77769995f7b298df1fcdb86a0e576187ebc4151f', '41317a30cf3667834978dd9b6a888ab7aee0b242', '4f2d81b779bb2b3e1af9fd2d6976bedf36dcfabe', 'f9bdc65ab132d54f513169e1da06aa6124228744', 'a6403633eb9c013b766765f6fc135027234d6a95', 'ce20b7fee9668166a1d222ef4d1d70c18b6e8e90', '9951c4362aefa7a86c29a81d6da3932ac797f03b', '40e4ea80f77865bd8a548670fe24aafff94291f6', 'e8d525688064859bebcc88206b69eea96dc8784b', 'd54cb95f1bc2bbef12a33e7ae9dac139af143352', 'ea3b7bc1d8d255bd87025aee0da549bc7572f8b7', 'f5b9381321317405d3c33bfc5f572c6bf07476ea', 'ce61138456e10580c6bf78bc4009de926105c4d6', '8aa276ba6b2092a562195f9a94eb562686a3352c', 'e3e7bee54d71cb49ab172d88282d6a2585cd27da', 'afe4f66e51b835a8bc5e3c54a892bca064cdeb06', '3f4c8620ab3c2cc45c0c426bd9f17940d59f81c3', '801b4690889a0baf1dd34e05da215a829a3b9b92', '121ba9d6d07e0d642c3101d36ec66cb63976acf0', '5877fb0c0bc9fd2fda5413250d81ac73787ce82c', '654bf663b3b5873366bbec74e8b4594e73545ff0', '800972950c358ef2f1e7d6fc80682ec322234a46', '0115c45dbe394488f2ce81123a021e09bedaef2b', 'bdc5a12e152fb43cbe41694e4cdcac41320b8b5d', '1625f65868470221982aed3affafc18d6a7177c9']","[744, 745, 746, 747, 748, 749, 750, 751, 752, 753, 754, 755, 756, 757, 758, 759, 760, 761, 762, 763, 764, 765, 766, 767, 768, 769, 770, 771, 772, 773]",30
740,"['6f2770ba57c0a004f6c3b9306c11b8dc3539193f', 'b3bfe20c67f3c37e2d9ac4d852914d14ab9e1340', '776e8030d1c62aedf0a523456835a6e14f0245a6', 'e9a17276035ef17e5be4fe84bd7776d0c25c08fe', '3624896c53ff6dc656d5589806a1c6c929059144', 'cb9f46b7dbb13e87ace9df6257c9faa2a4d0e102', 'd01a1c9429de10e7a487a75d7643c6b9e9d5d469', '049392bd940018030eee6e3012c6e21b862fe7d2', '8de0cad692eaf99aa28ff19a276c5021cc696b42', 'b54627d73360280b7c53513bb4c0fe1f5426a089', 'c3525dd9b18bdaf0b88d6dcac10a708561e758aa', 'ac10d47821875105b7225d726b787d69d4ae4503', '25485b84a63dd46194a4cf84bf1e283f12dfba18', '7ac573b077529036c7d396ff776a571f3ed1a2a3', 'f1c30c5738e5a6f258ce3ef5cdc9d5553c78de83']","[729, 730, 731, 732, 733, 734, 735, 736, 737, 738, 739, 740, 741, 742, 743]",15
659,"['2c5f6f4e0f7bbcfa566fbc91ee57baf8dd7a371a', 'c446ed7882b3cb7a965ffafe35074fb91bbc00ee', '17a7ef86d19760161e98593e29a957494e54b25a', '4c3008e53bbb647f8a673f6b9f8501527098a8ae']","[653, 654, 655, 656]",4
631,"['37eb331acce08142ad027f127c355f9b462fe9e0', '0068fedd1e88b6c62167ff5322e93de6622ad73c', '472f756d9160dc94dc31a14022036afa2db28146', '45c24611bbf24bf895da89d01b0115e44f7529d8', 'e4aa335c730ded7ede47d047717424b340c98970', 'abd4666e7534698ced93f5484683b6dcdceb08ff', '296169ccf557870bf9f1bbdbd91d00c2de11e399', '6b017bf29037948e396b76284fdb9a248752a847', '3bb5950744128985ff771091f4238d279416720d', 'b13cc6dfbef1bd6b203660db08dae5db4156ac88', 'd686fe6ef220215615ca96a34b0f89e095174da4', '70378e97b6afd668345026364230f98e7f0ebd38', '0f2e4b3fc24fe2f16538c15f1dbfb2858f19cb78', 'df36eb78af94f447efaa598dda8acd22de472367', 'ad5148b1216f8466b3e2f38baa8b07a5a801afa7', '4330471f9bd084092d1f5124839a17c74a4c14fd', '98a9ff25a121e0129ac8b068b7b8ac97b8b35495', 'e7ce573dfca6f46c0a2a64cde09a4804ee7f24bc', 'e08180bf56312082ef8c4ca6c8e9729145e50bff', '10dd3f59f1bcc1a127aa59a38f8b3e47a1a49d57', 'c14d88617e3f9a499e383f62ca91a9144b9baee9', '23ab583c46a6a20b0c1232ebb91b16d4058c7502', 'a78aec20fa08d6e79d0b3b651ec50ec1595967ed', '79a4b57f2bbe08ce46e6dabb0a8b76f4a787141c', 'e2c043d220496a5f8744b7d0d08fee2c0b740e30', '02168a39288d7974a1014146ecc21384b92f429d', '476030bd2dbcee05d4dc7620f5aab14137f6b380', 'dadd11e57f6098d2c3cd5588a08c63ffa8390c4b', '0dab9d624e7d2fe795c478cd8374aec9477ce3da', '38394f0c65811f9edf9c0fff593f621408e3cd64', '54f1d76fb33fdd30d1b3d27e057cc280723204ea']","[602, 603, 604, 605, 606, 607, 608, 609, 610, 611, 612, 613, 614, 615, 616, 617, 618, 619, 620, 621, 622, 623, 624, 625, 626, 627, 628, 629, 630, 631, 632]",31
617,"['37eb331acce08142ad027f127c355f9b462fe9e0', '0068fedd1e88b6c62167ff5322e93de6622ad73c', '472f756d9160dc94dc31a14022036afa2db28146', '45c24611bbf24bf895da89d01b0115e44f7529d8', 'e4aa335c730ded7ede47d047717424b340c98970', 'abd4666e7534698ced93f5484683b6dcdceb08ff', '296169ccf557870bf9f1bbdbd91d00c2de11e399', '6b017bf29037948e396b76284fdb9a248752a847', '3bb5950744128985ff771091f4238d279416720d', 'b13cc6dfbef1bd6b203660db08dae5db4156ac88', 'd686fe6ef220215615ca96a34b0f89e095174da4', '70378e97b6afd668345026364230f98e7f0ebd38', '0f2e4b3fc24fe2f16538c15f1dbfb2858f19cb78', 'df36eb78af94f447efaa598dda8acd22de472367', 'ad5148b1216f8466b3e2f38baa8b07a5a801afa7', '4330471f9bd084092d1f5124839a17c74a4c14fd', '98a9ff25a121e0129ac8b068b7b8ac97b8b35495', 'e7ce573dfca6f46c0a2a64cde09a4804ee7f24bc', 'e08180bf56312082ef8c4ca6c8e9729145e50bff', '10dd3f59f1bcc1a127aa59a38f8b3e47a1a49d57', 'c14d88617e3f9a499e383f62ca91a9144b9baee9', '23ab583c46a6a20b0c1232ebb91b16d4058c7502', 'a78aec20fa08d6e79d0b3b651ec50ec1595967ed']","[602, 603, 604, 605, 606, 607, 608, 609, 610, 611, 612, 613, 614, 615, 616, 617, 618, 619, 620, 621, 622, 623, 624]",23
574,"['2d6da71a613b691d9fa56c29904990f79cb04a07', '4316c7653c9d81cd9f4fcbf6b04c9d5e474a030d', '19ece314d1746ef53bbddb3e5af5a4c7790093bf', '91fa811f9f52928554fff5c843f7da0a09bb0c22', '96da0d3246f1435199470d261a74596012e40d9f', 'f1c514515a1778a1953ab3c3c40a6928a4cabdf2', 'f6c69af07653dde450f4b602d629fb538e13e839', 'a1b7368eeee7919651b716874b5291dbe28a8872', '8219b019f92fb853e21a1d6ed586b57097492307', '6ddfe411388616c00b86e53d547d9c9f3d4c3479', 'a00a495d6cea28271ff203eecb119dd8344ad44c', '91a72d253ad0c84b40937b264131b6c877e5fd0b', '5a836f41f97ce218d594e0594edd6b980f48450a', 'da35dd9bcc74c20cd7831db8ccf370202f083ef1', '9a39d6655bdc7fac4c6e6a5a4f9b5d743b0f3696', 'f5492314b21377d67f96829fecd3d30f40dcef59', 'cfd947030f32a3f469d7b412d1679aa4bdbdaf36', '28cf99992edb37767d652a1c4d6b2aa0a15a5cd0', '4e793c54ca9de593643b2b6e505a1dd094bce994', '61216ba98b63b563c3d017ad9afbd981df391b77', '32f9b60809c457b4751dfe045cf19c8387f5a043', 'd26111f497c34389ecbc729f0aba6a7bba1d8949', 'da624e359096fef975eaaaa9d148c4a785098424', 'dc2d6b0de06fe78d614dc151afe70272dac51c57', '101fa47242d8546196b64ffc91136b36de21db1d', 'c2ccf8d4eb1c9ae3372dd0e689c4fe34a8c65a00']","[557, 558, 559, 560, 561, 562, 563, 564, 565, 566, 567, 568, 569, 570, 571, 572, 573, 574, 575, 576, 577, 578, 579, 580, 581, 582]",26
542,"['99abd4b9445137d7fb73e551138c8926226fc91e', '0cf1363eb09ead163dbfb945f5eddd302e19dc85', '1beab73e25b74f90bb591c8cd8fabd268ed424b3', 'e350ba82423b09a0d5dc6e7eb48509549e8923e9', 'd11c564e000007b516b4a7d2e340906a1cfad8d4', '72dc459fea8acf451259797446bdaaabdfcac1be', '8fbd2da9b2be6a1d76bc6e0d6d5a85841ddd978e', '0832c948cd0905d9bf9d9513536b8190792ddb2d', '868a359d5ad568b163ce95a2bee998c496c74150', '99a34748a91fc19d5f1f24999fef93269ec525c7', '70be8601be0b1fac1d8d7d86109e1856aa9df5a9', '764f38b9fa15913c3b683327ebfd79a2a6b32604', 'a4917220adf823be0c18e402325f6a387e009723', '1b8403d401ea4e87b413e8733b05c52dae350158', 'ba2efdf9349ffa7fe46ac41930c4e8a673f31c1b', 'a17f605ed137b64aae15c2875bc9ffe35f8e4c8f', '64796277fea3592abf1e5224410d3dee59261eba', '1a97b9dd2eb247830e12a0675d325a2fd4fb70f3']","[486, 487, 488, 489, 490, 491, 492, 493, 494, 495, 496, 497, 498, 499, 500, 501, 502, 503]",18
498,"['99abd4b9445137d7fb73e551138c8926226fc91e', '0cf1363eb09ead163dbfb945f5eddd302e19dc85', '1beab73e25b74f90bb591c8cd8fabd268ed424b3', 'e350ba82423b09a0d5dc6e7eb48509549e8923e9', 'd11c564e000007b516b4a7d2e340906a1cfad8d4', '72dc459fea8acf451259797446bdaaabdfcac1be', '8fbd2da9b2be6a1d76bc6e0d6d5a85841ddd978e', '0832c948cd0905d9bf9d9513536b8190792ddb2d', '868a359d5ad568b163ce95a2bee998c496c74150', '99a34748a91fc19d5f1f24999fef93269ec525c7', '70be8601be0b1fac1d8d7d86109e1856aa9df5a9', '764f38b9fa15913c3b683327ebfd79a2a6b32604', 'a4917220adf823be0c18e402325f6a387e009723', '1b8403d401ea4e87b413e8733b05c52dae350158', 'ba2efdf9349ffa7fe46ac41930c4e8a673f31c1b', 'a17f605ed137b64aae15c2875bc9ffe35f8e4c8f', '64796277fea3592abf1e5224410d3dee59261eba', '1a97b9dd2eb247830e12a0675d325a2fd4fb70f3']","[486, 487, 488, 489, 490, 491, 492, 493, 494, 495, 496, 497, 498, 499, 500, 501, 502, 503]",18
462,"['eedb6de7442b703c0f0bd9871e87bf1388bcc4f5', 'de7765ea3bf4aada855d007e2c0043f8e27829f3', 'faaf4f317f296b07606d77625090afdc8b66cdc6', '22a1a66cbf14ecdb99685876980286d9288edc41', '6a130da30ad4cdd0875c8df29ac170104952fb34', 'de4487dba9804aeb66a6715abd452521c621f91d', 'df86778b1581266e5631ac9a11da7940c4b0060d', '025d185e25fcfd6f642b2a226510131a0aaac866', '49ce87bad3bcd47793fe59bb59de7794bf1b0b14', 'ae40faf388861a9028fc49e59c5fd36137dfb88f', '2c4b87599bc2d45ee54115806dd9b1c6592aa06c']","[445, 446, 447, 449, 450, 451, 452, 453, 454, 455, 456]",11
452,"['eedb6de7442b703c0f0bd9871e87bf1388bcc4f5', 'de7765ea3bf4aada855d007e2c0043f8e27829f3', 'faaf4f317f296b07606d77625090afdc8b66cdc6', '22a1a66cbf14ecdb99685876980286d9288edc41', '6a130da30ad4cdd0875c8df29ac170104952fb34', 'de4487dba9804aeb66a6715abd452521c621f91d', 'df86778b1581266e5631ac9a11da7940c4b0060d', '025d185e25fcfd6f642b2a226510131a0aaac866', '49ce87bad3bcd47793fe59bb59de7794bf1b0b14', 'ae40faf388861a9028fc49e59c5fd36137dfb88f', '2c4b87599bc2d45ee54115806dd9b1c6592aa06c']","[445, 446, 447, 449, 450, 451, 452, 453, 454, 455, 456]",11
401,"['8ffed5c09b334980286f1c79db61050ed797eaf7', 'f50b85baca14fa00a2380d981b2e373937ef744c', 'f0abfd12d6682cb6e5533e1e846574a2c38b0a50', '5406f4e5157747449f40d97dc6a1217b554abe26', '7a138b1003e73f14e7c9d92f0fd6cc27051dc549', '42120cbf9eece335209068e64d349ad10d351df4', '48ad7af5a68b33128749705c486aac7966a2252d', '0d88dd83aa310c906c030564fb0b6ece215e0b92', '7e4dede2b698aa597ebe5f79a4038a898f6bc9a6', '7b5c095d4e36fb069f06b08805d1bf8eeb3fd016', '5d39afed2100a119bd7fc68bffb80b83bf6a5f25', '4067d53bf1472cc4cd2fae9db24afd1336b54a0a', 'b8d9fd953bb4ecf3e7cc50a19916ac52856eadec', '9781fac6a9589a07ef9d0992a4a242cbcd0d7082', 'cf33548dd6feb1496b70003ba3b5500f102ca599', '974c6d07b547517cdbebf97d41808591bf6e4357']","[395, 396, 397, 398, 399, 400, 401, 402, 403, 404, 405, 406, 407, 408, 409, 410]",16
397,"['8ffed5c09b334980286f1c79db61050ed797eaf7', 'f50b85baca14fa00a2380d981b2e373937ef744c', 'f0abfd12d6682cb6e5533e1e846574a2c38b0a50', '5406f4e5157747449f40d97dc6a1217b554abe26', '7a138b1003e73f14e7c9d92f0fd6cc27051dc549', '42120cbf9eece335209068e64d349ad10d351df4', '48ad7af5a68b33128749705c486aac7966a2252d', '0d88dd83aa310c906c030564fb0b6ece215e0b92', '7e4dede2b698aa597ebe5f79a4038a898f6bc9a6', '7b5c095d4e36fb069f06b08805d1bf8eeb3fd016', '5d39afed2100a119bd7fc68bffb80b83bf6a5f25', '4067d53bf1472cc4cd2fae9db24afd1336b54a0a', 'b8d9fd953bb4ecf3e7cc50a19916ac52856eadec', '9781fac6a9589a07ef9d0992a4a242cbcd0d7082', 'cf33548dd6feb1496b70003ba3b5500f102ca599', '974c6d07b547517cdbebf97d41808591bf6e4357']","[395, 396, 397, 398, 399, 400, 401, 402, 403, 404, 405, 406, 407, 408, 409, 410]",16
217,"['80b056c8e3172bc4ef775c2db2caab045e7febe2', 'f6334b4171d3cffa86b26828208391628a3fb273', '1f1c916f6412f39b9a13183981655e0fb4cfa5c3', 'a5a3ab70f0e063e638fe00623ef5250bb7ae7585', 'a73aa8cf673bb7d2fd0d5010c909f8ef1992886f', 'c1b32950f373dc7203b4f4147f2e266d16765792', 'aafd13a479caa49efb28f37005b4acbcc469ebb8', '3d3d540bb0502d62c7eb9e26b9106df4151b88db']","[214, 215, 216, 217, 218, 219, 220, 221]",8
204,"['85eeb5d9ae5a2f0c14fd694a61c6e8d88f37815c', 'ef2ae469a2362ae2d271dbaf803a187dadcfc174', '87ff2854e0318382d96687bc1d97f3944207208e', '3d93610b77dfa9dfe20b205bfc27db94199de456', '2c4ad75ef950286dd4f75c2a5c2ae050faecc154', 'cabc61584a6edd5b7376cb6b672784d1ee8c9d6e', '3ca5dbe0a9f0f734e19f4205df0b13256c296647', 'b062b0ed00df00a3f01e53866edfaecf487065ef', 'c5dcd093aa1112f5873d4d926d691ce0f998854b', '8a0dbdfc7b0cf58bbccaf691dfe6dacda02b7bb1']","[201, 202, 203, 204, 205, 206, 207, 208, 209, 210]",10
114,"['d9d9325bce00e8c444003dc47c208d7d6dc5b68e', '4dafdde80570b67054e6f9f47275bac7572407e5', '4e462254c3deb893c269d46a189163a97cff127b', '344b74e5bd175b67c6310fe052ab041a695670dc', 'b02373a6e252faabf9608451b70d189e94a0f495', '5b7c4c9b224e55b67717f1515aba4596c9981584', 'f7fec8ea4cd47662f0bedc9f94d42e591766f0a6', 'b895431556938c27c49cad878a22a615d35f752b', 'a86574d48bc78c3af4044da92954c60e8b14506e', '7e454d1bd2f943e49ab08b2e496814e2515c18a0', '3ecc798317b5f3c14b6acf87f11a4b599eafe74b', '4739c9557d44e78c093203c91a66f6d30b04d272', 'e9faaec591c288917951ce77f12a1d9dfb4fbcd1', 'feb6673de026675d184aef57ad890f855ac4471f', '01e6006630efc545ec67434671b3e4a1ac0fcddf', '2b1cac57696b4a714a40cda93382ecf24b472502', '320fa98c22563b844ac2eb99f29e0266343b7eb0', '2f1b51505b2f8aaee09d9fc3545d82b0b173a86c', '1b5952e3993f5db5a718be6179810cade63da295', '36a3593979a4820484394719d58801170f91e41d', '2a5bcce435b8a3966b313e352c931e962606da05', '5d269fd94c825f04b00a95c163540bec958cb1fc', '34beb478c9c3bc015a1fc76c33458e99197b6d7c', 'b1cce7cb29c5b2ae78a3bbc42c4cf8f1b9d298ea', '209419f4c55289db27bccf73bdc195e32956ddea']","[106, 107, 108, 109, 110, 111, 112, 113, 114, 115, 116, 117, 118, 119, 120, 121, 122, 123, 124, 125, 126, 127, 128, 129, 130]",25
110,"['d9d9325bce00e8c444003dc47c208d7d6dc5b68e', '4dafdde80570b67054e6f9f47275bac7572407e5', '4e462254c3deb893c269d46a189163a97cff127b', '344b74e5bd175b67c6310fe052ab041a695670dc', 'b02373a6e252faabf9608451b70d189e94a0f495', '5b7c4c9b224e55b67717f1515aba4596c9981584', 'f7fec8ea4cd47662f0bedc9f94d42e591766f0a6', 'b895431556938c27c49cad878a22a615d35f752b', 'a86574d48bc78c3af4044da92954c60e8b14506e', '7e454d1bd2f943e49ab08b2e496814e2515c18a0', '3ecc798317b5f3c14b6acf87f11a4b599eafe74b', '4739c9557d44e78c093203c91a66f6d30b04d272', 'e9faaec591c288917951ce77f12a1d9dfb4fbcd1', 'feb6673de026675d184aef57ad890f855ac4471f', '01e6006630efc545ec67434671b3e4a1ac0fcddf', '2b1cac57696b4a714a40cda93382ecf24b472502', '320fa98c22563b844ac2eb99f29e0266343b7eb0', '2f1b51505b2f8aaee09d9fc3545d82b0b173a86c', '1b5952e3993f5db5a718be6179810cade63da295', '36a3593979a4820484394719d58801170f91e41d', '2a5bcce435b8a3966b313e352c931e962606da05', '5d269fd94c825f04b00a95c163540bec958cb1fc', '34beb478c9c3bc015a1fc76c33458e99197b6d7c', 'b1cce7cb29c5b2ae78a3bbc42c4cf8f1b9d298ea', '209419f4c55289db27bccf73bdc195e32956ddea']","[106, 107, 108, 109, 110, 111, 112, 113, 114, 115, 116, 117, 118, 119, 120, 121, 122, 123, 124, 125, 126, 127, 128, 129, 130]",25
3548,"['e76b52c3df0a6f11f55eb20b9c0c10aa46d60822', '1ef60fb481812a445d40af12b6c6512b8f969b9c', '832dbe29252d793ae714138f1c5c04097c4c9977', 'd39dfee88ce1c2fba91a7c544166ab400158e33b', '234c7839cdb08819464aa1e1cf2c97276042ca15', '9ef9751a07345eff5e563eb31dc7b760871a8344', '4aca3bb47c887f9bc085ff0ff00ff523e0ae11be', '27311eaea1cd16446212db2a6ac899eded2098e0', 'bda8c32bbbfa5f966f7de6cbe5cf6d2639d81c77', '8bd1836d644c5de6d1591787c5e4ee8601bd1ccc', 'bf24c0a1638e7c8fc6000c25b709edd4bc570df6', '445babd1b3d46f5ba2f6c40fc357bba8d7271213', 'db97270675067a711891b2b918d33733a39de9b9', 'ddf10ccf3a033f0448d149149ef9e5e7d3629a57', '287c24101f732890e9994bc7aac519f7f66a4adc', '04d89e29e0b366f0a887a54160d40c9d2ebd6e06', '6b87db654c9abc01cc1e3b3e6ba1b9da292f35a1', 'f1b648bd1d1c1c583ad9fc46ba43ad56aabf649b', '402bb8f5b23b671d2ca30a46cb357e27cbd0c025', '882e27f713e81f674fde11b57c7b848053daf08f', '5b01c0a4c21c325c8f7141498329a09e2cfaa02e', 'ced58bc786731dfbd80a47f0ff761012e119f194', 'c18de32e1ea087f35748d61bb8fa61981deb26a9', '75b8f34ef1118d2a2843061770515218c4ecbc1f', 'c31cf8d4055b2346942526fca6af03b560fe9815']","[3542, 3543, 3544, 3545, 3546, 3547, 3548, 3549, 3550, 3551, 3552, 3553, 3554, 3555, 3556, 3557, 3558, 3559, 3560, 3561, 3562, 3563, 3564, 3565, 3566]",25
3526,"['2aa30b3ab5ed9ec1df18ffab73b094060d24b8df', 'e868fee6c50ba6c95a59b0d112a312863de151b0', '9887d09df25c4ba35fbd3b0f8cd1f6267def5ad6', '0689fd0ecb65d5d04450a38448b3d9661b69687d', '0ec8f858b40a4fadf80d8cc67e0e07aa6eb0bb5f', '5c07b5a9f44ef444804d54e7c7a620164a06df0c', 'a43fde0d58d252f88e83f251b3b35286f3e0d453', '0fd6553f9d0516abae1298d39ea4716696989b1c']","[3524, 3525, 3526, 3527, 3528, 3529, 3530, 3531]",8
3454,"['ad9f3aa7d0cab8589b37c6afd8825b484d764ed6', '31759bf2c9d28a0491393acd706d81881d3d9997', '58297d0a0d5412257b097613fd9ba2d20432e6ce', '08efe926ac110770bf9eb96e8e5f377f0f4d3dca', 'ed22f6f9ae756dd825934af741f33f54e41505c1', '5bff5d91e0e4aedcac977e96c00f152ebfe2ed5e', '170a3bdfd7e529475922d4bc5bb61eb9264e79d7']","[3452, 3453, 3454, 3455, 3456, 3457, 3458]",7
3419,"['0f4f7a858697a77abdf100f390ef35be6e304b1e', '62344b390d4e3d4743af2f6f814605b72ffeca1d', '4e2b3f839369c84176ff92ba647a1d72b109480b', '69c3ef84f3a6490b3a902f734f2c0ae5ddb8d07f', '34465312b5b341ab63bccc953d51800186386bff', '1e39fe209f90882339e8916b781959e5805ef923', 'b19ed081513dd1bba69a164eeb6cc29d60999d3d', '7d65e0db6daa69bc448a7854a2448df3664ec517', '05a62ba7404827b44ce08b080b3675d6d16a45bd', '6eb6c9964d37a81bb0e4b7ca6908bcb61444a934', 'efa556e07d7e9b0a43e1740a787f9f14c67207ee']","[3418, 3419, 3420, 3421, 3422, 3423, 3424, 3425, 3426, 3427, 3428]",11
3336,"['cb5e314b12f9e0eec281502a5195be487df95d2a', '6f80c2e66bac9c832602cc933a398a4f84d17bf5', '410860ea6e7d3ab25e2808f9cb9c98736865528c', 'aafcc57daca71ee54359b40ec36435da5f9ac187', '181595c98249fa23ad1855cfc58ae5e3b3df5720', '223a3f77061058a9f3eeaf97f21bf8581bc36666', '6d41edbe164bfa5271fe583f9a8b6e3f786f4741', '3c99a2ddbbae8e68ea71cbecdbb3478cdf316574', '065d13d6c506fe8135fdcc2a4152644a9ee4ed73', 'd8211df5401e70912d75be84cbfb0ca161c144cf', '91f420f9ff41d11a5ace79665b430fbd62070194', '5c0d25fbde634ed014a50a38258d8ac56e7864c4', '8b9da057311d564a660363a0cdf4246b29a0148c', 'f81ddb049e0b3b3a437d1cabfb743b6c1a5f4c30', '80cc790e116f6865008c4274e6c6736b230d089b', '4c9d3afc4660c2ae341271ba5392ece0afe58ed3', 'c7dec566914abe22737ddaa3e33416b772c60540', 'c207790e4261f6422530e9c796509abf02f41960', '63d383a1bbb7f522a02b91f7eccc2a78c2cf8bb9', 'dfad124af8925295e86e3df5138ccab2efb6bee5', '817df4def5b93b2a2490a2bab6f3c45ea675d305', '1b8cf30e11e275a877b5f99c53bba9fcaed450f0', '2b00bedcae39f5939332dda33568e0a551f60dd0', '5d2150050ec37fc3a951a534a8ef47ded4ab0495', '481378647d2f031a257d7b51eee42cd85f1da2e4', '09b594632caff559a0b25472c02692eb68c9f84a', 'c595cd16600c262e4e1cd859de558bf35d7cb431', 'fc7ff675bcd0da755c09b962d5fbee020e313067']","[3335, 3336, 3337, 3338, 3339, 3340, 3341, 3342, 3343, 3344, 3345, 3346, 3347, 3348, 3349, 3350, 3351, 3352, 3353, 3354, 3355, 3356, 3357, 3358, 3359, 3360, 3361, 3362]",28
2480,"['1d9f40065d90b77388c7bef29ee4ff57ecb5ec36', 'ae3d780e914adff56f58ae427276d42fa37b8a0a', 'ff85f1cd4a1e29be28fe6ff7eff0ef193d1d4c4f', '2e72faef41bec6162023aca898678929064870cd', '13c10f88ec3b20e53950fd63ed740c9dc317f65a', 'ab1411950240a1fa39869693ec2a3691f0340378', '42fde648ab9cd47dcd567bd8af8afca38a1c6253', '388d8139929d1c02702faec46c2449b582adfae0', '9a29b207dc1ce0516bb154f5bd9694b15155f7da', 'ad86fb697d9a5614531bef32c6521c8521883a3b', '0c425cb563ea380c095c6a5c605b3f2e24802e8a', '67f3cfc005ed2f82f22ac9cb436ad43ce9c23368', '5e751de5fc8c459a25e8e6652a66b51906700cef', '80a03b0bc6eaa26ff0aa7e5139ca6ad8ba42c314', 'ee015e30c354fe76059cd01b1d530662e54a24ad', '6eb66fdebc146348c77e0518306ed95517369a3c', '20aca729c8c75340088e1776dda706ce0a3a3c74', '5289b7669ecf589d95711d070f8b7c6870e52ce0', '27957eb27f6a83fc4ee5c454d505bd66267d5d59', 'd271592aad929e3a8de675628fc48e5081495990', 'd3af0b3210269761be9268d5433b676f47944047', '129fedc24157d84dadefde44cfd186274f3fddb9', '4eb7f7321e71f77c135311f171cd6727386eb72e', 'ab60ec119119e6a4aa2e0ebe52e508b1091b06df', 'd79c40af68404aafac6564f07361786fd2c6bcdd', 'c3dd1c8c222a0cc6eca6b00ca39dc3e5430baf66', '75107082b04cc0a91ccd1b0a71fe3a76b3c5cbc8', '40e7b507f3e659d63b2361ed3667191646dd2f60', 'e51f85980e981e1091e19fd7a4ac87a3f1b7a7f6', 'a0877bea101550904c6f3363347cbec75943b95d', 'a2d391a088f41bb87c3921fa116a0d7b35524209', 'f2b386503461050095d69edb6965c0e3c7923e09', '4b1944734614829133b472c7f0b4f41481c700f8', '2c7294976d706d74cd79bb5173a601f5303fd097', 'ec27ed212c436e3685a696101f1df382cea91236', '8412ce7a21812fcc07fd3e15ce7a56e331461b3d', 'a220c3fb8b898b89436dda42d82ebac9098af113', '6665774d824775e35ef8ce2d4919298a182950f7', '63bd99f53d4fd3db6600dbeed08f02ff74ef57de', '323bb4d0548687c6db51be69c54721e63d59efb9', '00c20749fcb11c1ebeee3b5ad0d066ed4bb61eda', '07e2fc475404f37301e6f9cad4d55c190caa2d33', 'a17b270eeaef2ae325bd01c06fa88e9fac3a1517', '2b4cd8addd4c9ff4cf088ba39ad3b6bb60ccb131', 'bacecd9c85758fd9c27a816f7ecb57b0ac48a0b3', 'bb25a9bbe39100372c8836afbb85ba920d249739', '32f6c44645ffb700235bd8916e34851e11be07e0', '5f3a6bdd1850d0cfff53aa7d1b12881c9bbfecb5', '85a7a8cc9b9bf0c29b1d51da9a1b3fea2ff6ad02', 'a00291549f1739227bc183651f3fef98b52a44cc', '38e9959af454d260c6dee604bbbd4b83cc60254a', '5f5580cdfd12c374824c8a42e9e40c0f78ff89f5', '6570310fd510ef2a3008919d358383cbeab13d49', 'd5566b0b43330b3f6940535f328125ec6d5d00f6', '16a09784ebbcfc3bbbd1e2c8fa36a121ce94c6f9', '4b8bd2f1053800a3e79152f2f10026942554a44f', '63717b70adbece1053fd007db2ae79ba752350ba', '1176f68d70424445219d68bb9c5a5962251f3a89', '1e22943531d188bb89c8190c5ba37565b8b521d3', '0726a92afd50f4605cd6fa547a9a680f0f64d0c8', 'df5381a3e05f39a8c389fd6b2c8222b518db26bc', 'a895fee6250758999ff3d92dbf17a628792a43a6', 'eb7705137dd9f19d9e7b1319302b692d4109115d']","[2477, 2478, 2479, 2480, 2481, 2482, 2483, 2484, 2485, 2486, 2487, 2488, 2489, 2490, 2491, 2492, 2493, 2494, 2495, 2496, 2497, 2498, 2499, 2500, 2501, 2502, 2503, 2504, 2505, 2506, 2507, 2508, 2509, 2510, 2511, 2512, 2513, 2514, 2515, 2516, 2517, 2518, 2519, 2520, 2521, 2522, 2523, 2524, 2525, 2526, 2527, 2528, 2529, 2530, 2531, 2532, 2533, 2534, 2535, 2536, 2537, 2538, 2539]",63
2290,"['2c65e7829f90fc456d151a6fc27487c07b4a0546', '2c154cf078aad5fabc3d4510313efc0b19b08791', '135879f8400d0d69a82100c0e63b5def9a03bfed', '9572ea36e15d7e09ace9f36b682050e99391d37c', 'c919b8232099a33bd7e9aee42141ebe64893988c', 'c3b5671f2490f09582877e817b844a8b84194548', 'e889442011127928ec227ea1dfcc5c9587b88585', '41a5534ff95c8bac1c6a0e715d7f0d1ad3c10bc4', '2f5eb8524c9b671c2e441a6ffacf2bb42e8fccd2', 'a3db6023eea6d82bb106824a7ad021cb1ca014d4', '043ad4b320360352323a0b0c3ae87798b3db0f31', '6cbd41549d1a208b4e5c31d9a7d45d3fa95d8c30']","[2462, 2461, 2463, 2464, 2465, 2466, 2467, 2468, 2469, 2470, 2471, 2472]",12
2290,"['8375d1bd12ea8be8a627c8b1f2189756efb3fae5', '1d0a62d5d571d45b2b6165b083d0da90b9207481', 'f5ffeefff13cbc2de89e42f8f01227d6ff0f5cab']","[2289, 2290, 2291]",3
2144,"['40faae3b68a46c7c226034b19d18389ae45cac9f', 'ab92893681c7ea3ae4c62520502176d8e12f3d9d', '77b1f0fdb90e14d0bff1054e522760447e9ec9d7', '3777839297d1e9b84cbe939795053ca312e0e63c', '4ffc5e1218b080a4beeab63c41c311344bfeb253', '15d50da8f79c3ffe23bc3e367b69d2d79f9d0b14', 'ba931797e9e1f6e588014fc9380f3884c0d5b556', '612aace0304faf314d8a579bf9315f4fd011562d', 'cca1589c763d74e94c39b686a6a50a71cdd6e2bc', '983f65226eb65d6e06586b91c2e649fd1bbc1245', '98fc16b9a6619f0c49988b939cba06037b552ef7']","[2138, 2139, 2140, 2141, 2142, 2143, 2144, 2145, 2146, 2148, 2150]",11
2078,"['fb5aa473064bf134d59468d337780df09764eeb1', 'c2b0ca189fc49316dc6a017f9477ada7d90533e4', '0e5baf911862d933e0d22f679a9d81d059cbd8fd', '8567c72fddc934ac9a45322af2b79966dbf840c4', '2f328889d3ad0194fb294e49399b5a38a5c7d9c8', '212d58c5cf94a4b4c5e19f7b1c0e90e3adaa9747', 'f4767a012f98edb9093102d8da91eaeadae6808e']","[2059, 2060, 2061, 2063, 2069, 2078, 2079]",7
2594,"['2c4198c823a61d27447fac99d9fcf395e8fb2e01', '617cc4ea04738ca6dbd5a8f7a4e4133f7c5e8f37', '44c5f1cf19661f38c4a93937369a88d5bcbe6295', 'e49ad005a7e87d0cb9b860487684779b6978093f', '92a6a48adfef12da479dcb60880ad027ff561ae4']","[2591, 2592, 2593, 2594, 2595]",5
2567,"['fef50f40a5b89cb587fa601517f5943b116e6d29', 'fc3180488906d0e3de1b051a4eafb803d54fe657', 'fe51f662e3cf2d0dd7044d4c7a7d3db5ca1761bb', '7958ad0ed315962e8d524a11892f20619faebe7a']","[2565, 2566, 2567, 2568]",4
2532,"['6570310fd510ef2a3008919d358383cbeab13d49', 'd5566b0b43330b3f6940535f328125ec6d5d00f6', '16a09784ebbcfc3bbbd1e2c8fa36a121ce94c6f9', '4b8bd2f1053800a3e79152f2f10026942554a44f', '63717b70adbece1053fd007db2ae79ba752350ba', '1176f68d70424445219d68bb9c5a5962251f3a89', '1e22943531d188bb89c8190c5ba37565b8b521d3']","[2529, 2530, 2531, 2532, 2533, 2534, 2535]",7
1865,"['bf45be29bc282f3aface7bc0be3652a5c6de55d8', '6b988f8d1e3919a71cbb9836b31c4ed30fbd0b05', 'e3fc56a46e5bd85180dc029e200316b7ca0dbe43', '25b412980908995d7ac37fd8c639c742e4c80bfe', '2f0599af954efef4cda3878115922133af23866e', '4e2646802fe0364e81c1bad994857d490f591166', '7230df2a67f99591800aaa961d03fee372b05600', 'bc6f5bc4c1a71bce77db957dc2f618859d97b64f', '1ab03834be57d8fc4372745949079a8c66b3d529', 'eb75312c716ba436233202cfc1ef2ab4e2f264e1', '62017ebe25bcb870d9ca9b900651e43ffa66e83e', '5544bdcdd6b5663142e64a624dd4df9eb5648e31', 'e6e78f44d034b238a54832a2c15a86325c06dc08', 'af922fb2b6b46ccbb18568ca5ac4123be8a33491', 'f68da197eed46d486d73b76abe0b05fcb265d7d4', '67b79c709a72892b4fdbfb429a3d5cbab06d106f', '9d0f7dc62a5655d6f610b727850b4239f7f4e211', 'e0284384e2c76456eb87dce76671c9baec8418ef', '356bbb65dcf9515d970921ff75865a298f3c87c6', 'ab9215e8ab76baa1f1d8b340dc4a50b7ed3b4e1f', '92eca1b1f3530578c9662951ca014c5357a5ae27', '7ab1330944c1be73cdeaad60fc150d980153713c', '082e6df3a98ec2b9e71b5e9a60a8289c3b1785c0', 'a0e47cad6f60f6a2d765b3bea7ceb7c4f77b766b', '3f4024bb36f0cfc1569fe335e5abf2d0abb77215', 'b6ce63fb3f33aa4670d31c78455d7e07d8f76875']","[1844, 1845, 1846, 1847, 1848, 1849, 1850, 1851, 1852, 1853, 1854, 1855, 1856, 1857, 1858, 1859, 1860, 1861, 1862, 1863, 1864, 1865, 1866, 1867, 1868, 1869]",26
1845,"['bf45be29bc282f3aface7bc0be3652a5c6de55d8', '6b988f8d1e3919a71cbb9836b31c4ed30fbd0b05', 'e3fc56a46e5bd85180dc029e200316b7ca0dbe43', '25b412980908995d7ac37fd8c639c742e4c80bfe', '2f0599af954efef4cda3878115922133af23866e', '4e2646802fe0364e81c1bad994857d490f591166', '7230df2a67f99591800aaa961d03fee372b05600', 'bc6f5bc4c1a71bce77db957dc2f618859d97b64f', '1ab03834be57d8fc4372745949079a8c66b3d529', 'eb75312c716ba436233202cfc1ef2ab4e2f264e1', '62017ebe25bcb870d9ca9b900651e43ffa66e83e', '5544bdcdd6b5663142e64a624dd4df9eb5648e31', 'e6e78f44d034b238a54832a2c15a86325c06dc08', 'af922fb2b6b46ccbb18568ca5ac4123be8a33491', 'f68da197eed46d486d73b76abe0b05fcb265d7d4', '67b79c709a72892b4fdbfb429a3d5cbab06d106f', '9d0f7dc62a5655d6f610b727850b4239f7f4e211', 'e0284384e2c76456eb87dce76671c9baec8418ef', '356bbb65dcf9515d970921ff75865a298f3c87c6', 'ab9215e8ab76baa1f1d8b340dc4a50b7ed3b4e1f', '92eca1b1f3530578c9662951ca014c5357a5ae27', '7ab1330944c1be73cdeaad60fc150d980153713c', '082e6df3a98ec2b9e71b5e9a60a8289c3b1785c0', 'a0e47cad6f60f6a2d765b3bea7ceb7c4f77b766b', '3f4024bb36f0cfc1569fe335e5abf2d0abb77215', 'b6ce63fb3f33aa4670d31c78455d7e07d8f76875']","[1844, 1845, 1846, 1847, 1848, 1849, 1850, 1851, 1852, 1853, 1854, 1855, 1856, 1857, 1858, 1859, 1860, 1861, 1862, 1863, 1864, 1865, 1866, 1867, 1868, 1869]",26
1827,"['29cad3b06ccadb5ba07ee0684fcad35894700964', '222efbd961a2c33360e3d2016e53431f7056c35f', '07c4cf0f45560aeca193482a5b5296d9126ca381', 'd11935cf69c79886392c8384094722695e54e8a4', '191e09cb5d4ef6ed46ead0a3e8b886d569ef9bca']","[1839, 1840, 1841, 1842, 1843]",5
1520,"['b8eec3454f113048dcf28e82d6d312f694b50e7c', 'd7c36c323ce14c31370a22407824858b2847f477', 'df397861124b7a8b7dac9845471784789f79013d', '418bf6c709417f5b0f46f7133a88c138209f0dfb', '1b9439c983051ac8591965ef17cb71515c77533b', 'fc28d12c57a7a4e36e969728223cda6cab411965', '358d6552665b41ec575e6152ee7ce15913ffa7f9', '931e2a97a4f5cea29459f50c819f508c46e7b1fa', 'fe5eca7e03f72b3e034df841e3efb15ec4256de5', '0ea92ce1aff5c2092b4702d3a592b2c29c1f1aa9', 'b99b1941b70d00b3b272bf0cf319b7a656a9f4e7', '57e4ec4d7ef6ce52f6da7470bc38ab0d535aff0a']","[1518, 1519, 1520, 1521, 1522, 1523, 1524, 1525, 1526, 1527, 1528, 1529]",12
1373,"['2f12b931d10eac0907c1e7a03e8dac46e3223a24', 'd02bbb49a71118d63c52c6cebf7b2097568b3546', '9c160c476220c03c49d2cd58a1db0f4ee5efb162', '7b5225584ff119886b13017ace74bb90e780edb6', 'ffab16663216e2a892577e25da8ed34bbc637256', '4ce087aa4a4fdf3f425a9958e8bab4f4ceadff91', '03caef86b527cf9ed24e617790607b7a32c1d15c', '39070fbf7d11f494ece82d0fb86c6d67a245fded', '58630f056520c0eb4a17332b50b19f89d64eeddb', '4d6fe1e547d863f36a19172d373a9751f521025e', 'c5dae28cb025971d56126fb9e50c8026b4e1f4af', 'c0cc59e77754b33861ae7c8d8881703971457d74', '1c263ce4b520e0a6aa7a3c6065006eb485760173', 'a348b71bc72592b648604cf60d6022111da081e4', '5ad69e0ad11e8e0741ce2b432667a06bcfff11e5']","[1370, 1371, 1372, 1373, 1374, 1375, 1376, 1377, 1378, 1379, 1380, 1381, 1382, 1383, 1384]",15
1268,"['a1f1b509abe64500a01970c7f8fbe354866934d2', '25b0bf3b3b1a7fb326eaf06b980d1cc13d053382', 'd6699dcae59070604a0118589432fc881db66e8d', '5b7ae51ef5a4e792b2441ecc660aa38328aeb6c7', '597d3cb6c91e93d0a397d80059b89580b8c10133', '3c79c846b8650e612ef5d9289eca3b284530099f', '57148a154c52a65d95e0702a84899480ff02fa9a', '0dd7c081caad939f74ae71ae40421d99423c72bc', '949aeab78224f08cffb9d443a4ff23a1ac1aee45', '341f109a16d55c78b1295017d3a0ea40b5ea1011', 'bdaa769d17605ab1e52315d36369677452348f97', '68103b64657d799d74c0b078ba316e889eebed5e', 'a1b05198fa6d63980870b51d32c0408e0e41c90d', 'f0a0c477a036afc1f645622c421a40da0303982f', '3a0005d6141ade1db834e95e2274c1665600df23', '18653a370d5269f697d2d0866a3d6a6b6136d320', '448d59070cb0f9cd27a0d33f64e084781f29c9cb', '485d38d3839fe2c39e305ab94c5ca952c0f0b3ff', 'd821b4d5781f12de49e78b9e0436c6e105b03449', 'f75b0c12d5bb708918b2dedb8d57d8d9c1bb28ef', 'a8c573f62feb502262338557a9a6955f4f28a7ad']","[1252, 1253, 1254, 1255, 1256, 1257, 1258, 1259, 1260, 1261, 1262, 1263, 1264, 1265, 1266, 1267, 1268, 1269, 1270, 1271, 1272]",21
1197,"['879c68f97243cea0aaa382455bcbab92cfc862e8', 'f80672e8c1ce25ee38775f55e1700751fb22e926', '775d08488f95c03ab27d6dd1a768162c9d2f0aa4', '72a62682f60b334c2bf89e205c110bd35836a4e6']","[1194, 1195, 1197, 1198]",4
1035,"['aab820735fe973f7f60f40b90852f8be3b91a890', '27d6dba87e3cbc25fe4b091b2ff34319a8edf7fd', '1d900a6160eec752a8b9b3081e7d14ff40925b48', '1d7ba68df30dc5547b7e483a63c657ba1611e59f', '9f1b757cc94747b0cf94bc9da98715e1c3b9327c', 'f6b9c71e697eeb63cb30ceec984a046436d448ef', '98427f4f9744ee4197994de1e0feb320e42c72ae', 'f234c2618f40309c0508cd55f549640e8576cfe6', '71d6fcd2f6032149a2e3099a5262bf52ac390fe9', '8e43dd1d416095231ea63dad67729663a2aae986', '4a93d32178e0da1de1d47f6e00d3afac22761f90', '65d9fb10540fcc2edb6de717685ca0a2244c8224', 'a52fb8abcfcbf8ba4985a649fcf22c687076f0ac', '64d328cc7275850a0248811d11861ff0bdea266b', '21d33c192cba468627391b1bbe699d8523d49c4e', 'defdc67f41c995a71c11b0e2b6c0d2a6d8e6dd67', '0c8f4a8cbf1a4c726a775ff6dcc70316bdd416a3', 'c07384a9e569ed1b7224988e99aeebf7fbbf0bba', '9cb47d0729dd41bc5cc4da193441637a6b9444c5', '6c259b88ef896a636fb74d41cae5a33151dfb1e8', 'a668c648e670cdd7d839fd9cbadcec040ad8dc57', 'dec3cc6d10affadfeb6ea81262f8e1ccb92413af', '6c565000a5d26d620f6a713f1dd33ea617e21d10', '4238229112414b5b3b4e3c9ae5d19c0a6a274488', '508c6cb5b0be4e64a62e66a45d5eff44d5559035', 'c8e229ba2df2ae059fa8f3c7f879387a87d98692', 'c37f0b0bf0b5741c1b488301d24266b8c6e0987a', '05180b7948d3f27bf5b8e0fbe6cac6d706617139', 'd7a897f5d2be0eccef83ce07422a78c18b02b92a']","[1029, 1030, 1031, 1032, 1033, 1034, 1035, 1036, 1037, 1038, 1039, 1040, 1041, 1042, 1043, 1044, 1045, 1046, 1047, 1048, 1049, 1050, 1051, 1052, 1053, 1054, 1055, 1056, 1057]",29
1018,"['4f2c744bd32778ef9f04f8dae4bfc49823e01f82', 'b60d42c8d8605e18a33f37e4838719b689be9b70', '688cfe4c8d6043d5b5718e4599753bca025d360f', '443ad8eab850450ab908168096ced67056c823df', 'e5ed14610759e300e38ecca9b533bea4732b436a', '1c4623d666cbe2ceb4632ef665866a1b0f83839a', '8a11acc912accf4c0661f5c56f1cd387f5200718', 'd5050856848e6f27d4651402020ad1d798712440']","[1010, 1011, 1012, 1013, 1014, 1016, 1018, 1019]",8
953,"['c39f67fc370611e34098b863b07fd2e6e7505b78', 'd0376e8a8008400db6746491eb472b02688ec6a5', '4b76da2041d5a4fab3aded45f22d3f6c565eb91d', 'b09192e160576f2e658af9ac1b7a7d2c58092737', '0375a6b8a64c2b89499ecc58fbe4a2e9eede2525', 'bd344661ec6cec882816364d36fe457ef3d80b19', 'a1251cf71acd0dcafbafc808a2ae20314f7f6bd6', '092a75337e25bd2533786a5593020ca1fa941d72', 'cbac2dbfce0475fdefad00897b2a5d3600e0ee47', 'f72c2b9d34bd1c50f75a58c522b612843a3cd03b', '48d5c0eca3cc02952c3aac683ed7657aec5fd4f0', '388cb2afd0697bfc6abab04c6ced22237a37f46c', '907562a446848d60626cc589694f7509ccaee992', 'a64068c8f9bf02f4d4b22dc51482bffdb3ccff5d', '71f5da062ecea442a188fe45077e35a18b4cc4e3', '596fce511ffdcfb0ae6fa9f97b5515941bb59014', '5906494eeb860a8a1a28c63878c5202be9e941d8', '538bc3cd0527c66d716d4da8dafc1973e95051ac', '1dc9992b2113af9299d65008b58f15bb6dc6ccf1', 'b7b2c77120d0b9136e8d49fc9ed73a75ec3bf509', 'cafcf0150a1fe18eb7f06a33e2ee6d0d71360431', '8c293b0d84eddc1d9e5df43a11cdcd0a012928c2', 'c5fbf83884582d815b9563cd0979d68213cb72cb', '4cdecd98129e191fcc24303f64a2e1c823ae1d9e', '7a4cc803939b460cf884776868ae3c575101adfe', 'b094489dbc1d9233ac938bf1fa90adf32bfaa785', '94d29f52e3da5455521101a1229065b4b8a7d587', '351e7da4578d4b3ea79395feac6ba84d32e97f6d', '6df3e4d3613be4cf90076554d370e93913eb383e']","[953, 954, 957, 961, 955, 960, 959, 962, 958, 956, 963, 964, 965, 966, 967, 968, 969, 970, 971, 973, 972, 974, 976, 977, 978, 979, 980, 981, 982]",29
734,"['558613214227f84185179ef615f3e1567d396c00', '547f73109ab3a3c2125cfc3b87a304324a3d264d', '93421cc4c6015c73ccb0feaea56fd753b17565d7', '09a2463262b46b1826c088624f549b3cbb6f4f01', '4c5f8cfb97d4c1358a9c9af8954817089aa06604', '47ed83a53c19ce3f2fba9c7b3d7e0223c8ea70e2']","[734, 735, 736, 737, 786, 795]",6
658,"['770c55a96b9c304b386048ba05b5d8f2e8ad6e2d', 'bb86cfb269959415e296781d03576fccaef046ff', '909a04ebaee67996948097e6ef84029403880e35', '1365bc94a23f43f6621cf885f62515cfbf1d4d7c', 'a27d998bd8e8643e5df6db6ba8eac1ae01e33258', 'fd34199a29e1f7681fbc9b51b2618173b6da3a42', '7329e6e80f53bb00eb17d9a77beef75f3bc5ac93']","[654, 655, 656, 657, 658, 659, 660]",7
656,"['770c55a96b9c304b386048ba05b5d8f2e8ad6e2d', 'bb86cfb269959415e296781d03576fccaef046ff', '909a04ebaee67996948097e6ef84029403880e35', '1365bc94a23f43f6621cf885f62515cfbf1d4d7c', 'a27d998bd8e8643e5df6db6ba8eac1ae01e33258', 'fd34199a29e1f7681fbc9b51b2618173b6da3a42', '7329e6e80f53bb00eb17d9a77beef75f3bc5ac93']","[654, 655, 656, 657, 658, 659, 660]",7
646,"['d01972743e5055f860ce416511ee8f58fb7001a5', '4bf50b5b05a5000e7cd7df0512dc5761af4f2c63', '16a490f2acf8cea650f1be59f6380b859d141b21']","[646, 647, 648]",3
641,"['de8163a3f4a3d9124fbdaca9fd0a2fd9a208d639', '7268c466a25f01a93c5adfe61cfff8b4d0dafd9a']","[641, 642]",2
516,"['c1fbc55ed08c5215a11def78d0df4442560f7acf', '366981c10ee8f679f570b6c62476467f6452d38b', '60bf2c086d85c32c144156073519584050563219', '6f0f158012292a3234f9ae72d623af2d631f8851', 'ddeba3a58402de23e173f79498fff0ed7dcd3904', 'f02b43dabe23a2c76f5e598663303353fbebff06', '555a889853af94d1c8d20af6129f3cd494f7b98a', 'eefc6e8393b42eef26a1bdd425579ea9f0151340', 'd5a6370f78ca9fd2538062be5ecb5b14175f91c7', '7d012cc560ec37fc03c93c8c91d9e89952bb42b4', 'ba3b8cee1d63461af3b670c2df29c2bd55365c86', '01feee7ff0c9352653d5b5c1b92c4605ed2f754f', '454ecc6e0da6e262183a36207df37332bd7d0fb9', 'd9caec553f20955634163184d890ac153d35f8bd', '42da7e8edb26d7c213d5f53c61c14562b46a0b68', '0102e77172973fe5f3c51776bc8d2d78029e16d2', '860c8ff3982f3fe28f2f12dd481716188de8f412', '8d4d9c1d0f1b9329c38acde13cbb59e05d0e351d', '5a9746febd5f79529f2425cc7a7e7fc95cbb8a0c', '2537d1ca4d0583a8ddc4abd3fc9ac83653405270', 'c5f142e1708d6a27ee8935adbbf01bdacef0bbe0']","[507, 508, 509, 510, 511, 512, 513, 514, 515, 516, 517, 518, 519, 520, 521, 522, 523, 524, 525, 526, 527]",21
485,"['d499a63743cc8cade37121c761a660c2fd2c232b', '24ffb468578e9d70086179342e04ed56eaf4bead', '8ee3ec41b54a44bb6c834beb6a9f771b651904af', '81615dfd3eb891408b7b537337f55369fc094b76', 'bc6423bda4576c5b77782a918f632e17b66dcd3a']","[484, 485, 486, 487, 488]",5
407,"['2167526b49963bade842fbd27a256980c87cbed2', '46077689cdf1b571d2a2ff002d4ef61b073dc669', '0d911d6d498df6a588c9165dd4397f2fed03d8a3', '3fcd3eb2e0ba2398480a57558a4f0c5f1e1318db', 'dbd88733c5cb1828603d73702f458499ad0ce0ce', '7df736b35a37a81b3c9c5d248e40a1e865861892', 'bc6f7aca8e8851f4ee2f6faefb4a9b80d63d74d1', '06a946d0015aa961ecfa0a55ed77e54044f88daa']","[406, 407, 408, 409, 410, 411, 412, 413]",8
299,"['d6f6618c99e2e1d462f2c00906474bb475d6acc2', 'd2c694c1936370c12f14b80b4a3591e43914844d', '64629085aa3d32dcae8bbc0a9d51264e8bb42e1e', '0b89721383d1cc6599c8207c1139ca8c04ff6433', 'b8cc2bfcb4c459873e7f46a5bf9b0dcef37758f2', '60ddd8995a0dfeef67f486cfa52e22107ce55cbe']","[298, 299, 300, 301, 302, 303]",6
259,"['5a532d7182ee745db17d1811399bb18786e68400', '8a50494d02321d7aac4b4f0974ae913f61cb7754', 'b182432d5970fcc22e9768d7396829b72d33075f', '66575ea69a68852e13853d0bc1cc4a6fc8c8a7f6', '7e5ce7e9373274e9ecb8df015acb2b1e90804e65', '0e653ea0df4a35a64fd97ca79006a15402491727', 'e17604364acddb67a2090e1d1922ad6296466d6d', '9426d852994c052a889433b50303a1558508131a', '70d9c3ec76d56773e5b3d48d14567df5ad57e0d8', 'ad8bf5f615a973a46e4e5169c7eaea9aec1bd7eb', 'd2b7e771be28b08444fdbd32017016daee19ec90', 'c1fe3902c2e6d378f385ed7dcd64fa59f8510760', '49645beeeb2afd72a957166d954bc7779f03396a', 'bcf95b7c663c571422c1e02dba645f07c3081c12', '5a93430c2ace6b169bef7956aec7a13f7ab61405', 'fd5d8c5e287dbb6d63fa768ea7e3fc738bdf74b4']","[258, 259, 260, 261, 262, 263, 264, 265, 266, 267, 268, 269, 270, 271, 272, 273]",16
